[    0s] Using BUILD_ROOT=/var/cache/obs/worker/root_24/.mount
[    0s] Using BUILD_ARCH=x86_64:i686:i586:i486:i386
[    0s] Doing kvm build in /var/cache/obs/worker/root_24/root
[    0s]
[    0s]
[    0s] i03-ch2c started "build xdg-desktop-portal-gnome.spec" at Sun Sep 27 11:55:07 UTC 2026.
[    0s]
[    0s] Building xdg-desktop-portal-gnome for project 'home:rodrigosbrito:lyra:staging' repository 'openSUSE_Leap_16.1' arch 'x86_64' srcmd5 '077471ed2335bc96dcb5b43fef6e1334'
[    0s]
[    0s] processing recipe /var/cache/obs/worker/root_24/.build-srcdir/xdg-desktop-portal-gnome.spec ...
[    0s] running changelog2spec --target rpm --file /var/cache/obs/worker/root_24/.build-srcdir/xdg-desktop-portal-gnome.spec
[    0s] unknown changelog format
[    0s] init_buildsystem --configdir /var/run/obs/worker/24/build/configs --cachedir /var/cache/build --prepare --clean --rpmlist /var/cache/obs/worker/root_24/.build.rpmlist /var/cache/obs/worker/root_24/.build-srcdir/xdg-desktop-portal-gnome.spec build ...
[    1s] [1/34] preinstalling filesystem...
[    1s] [2/34] preinstalling permissions...
[    1s] [3/34] preinstalling glibc...
[    1s] [4/34] preinstalling diffutils...
[    1s] [5/34] preinstalling fillup...
[    1s] [6/34] preinstalling libacl1...
[    1s] [7/34] preinstalling libattr1...
[    1s] [8/34] preinstalling libbz2-1...
[    1s] [9/34] preinstalling libcap2...
[    1s] [10/34] preinstalling libeconf0...
[    1s] [11/34] preinstalling libgcc_s1...
[    1s] [12/34] preinstalling libgpg-error0...
[    1s] [13/34] preinstalling libjitterentropy3...
[    1s] [14/34] preinstalling liblua5_4-5...
[    1s] [15/34] preinstalling liblzma5...
[    1s] [16/34] preinstalling libncurses6...
[    1s] [17/34] preinstalling libpcre2-8-0...
[    1s] [18/34] preinstalling libpopt0...
[    1s] [19/34] preinstalling libz1...
[    1s] [20/34] preinstalling libzstd1...
[    1s] [21/34] preinstalling attr...
[    1s] [22/34] preinstalling libreadline8...
[    1s] [23/34] preinstalling libselinux1...
[    1s] [24/34] preinstalling libelf1...
[    1s] [25/34] preinstalling libgcrypt20...
[    1s] [26/34] preinstalling bash...
[    1s] [27/34] preinstalling sed...
[    1s] [28/34] preinstalling tar...
[    1s] [29/34] preinstalling bash-sh...
[    1s] [30/34] preinstalling grep...
[    1s] [31/34] preinstalling pam...
[    1s] [32/34] preinstalling coreutils...
[    1s] [33/34] preinstalling aaa_base...
[    1s] [34/34] preinstalling rpm...
[    1s]
[    1s] [1/9] preinstalling kernel-obs-build...
[    2s] [2/9] preinstalling libblkid1...
[    2s] [3/9] preinstalling libcrypt1...
[    2s] [4/9] preinstalling libdb-4_8...
[    2s] [5/9] preinstalling libsmartcols1...
[    2s] [6/9] preinstalling libuuid1...
[    2s] [7/9] preinstalling libmount1...
[    2s] [8/9] preinstalling perl-base...
[    2s] [9/9] preinstalling util-linux...
[    2s] copying packages...
[    2s] reordering...cycle: binutils -> libctf0
[    2s]   breaking dependency libctf0 -> binutils
[    2s] cycle: gio-branding-upstream -> libgio-2_0-0
[    2s]   breaking dependency libgio-2_0-0 -> gio-branding-upstream
[    2s] cycle: libgio-2_0-0 -> glib2-tools
[    2s]   breaking dependency libgio-2_0-0 -> glib2-tools
[    2s] cycle: girepository-1_0 -> libgirepository-1_0-1
[    2s]   breaking dependency libgirepository-1_0-1 -> girepository-1_0
[    2s] cycle: python313-base -> python3-base
[    2s]   breaking dependency python313-base -> python3-base
[    2s] cycle: python313-base -> libpython3_13-1_0
[    2s]   breaking dependency python313-base -> libpython3_13-1_0
[    2s] cycle: libfuse3-3 -> fuse3
[    2s]   breaking dependency libfuse3-3 -> fuse3
[    2s] cycle: rpm-config-SUSE -> rpm
[    2s]   breaking dependency rpm-config-SUSE -> rpm
[    2s] cycle: gstreamer -> libgstreamer-1_0-0
[    2s]   breaking dependency libgstreamer-1_0-0 -> gstreamer
[    2s] cycle: libfontconfig1 -> fontconfig
[    2s]   breaking dependency libfontconfig1 -> fontconfig
[    2s] cycle: gstreamer-plugins-base -> libgstallocators-1_0-0
[    2s]   breaking dependency gstreamer-plugins-base -> libgstallocators-1_0-0
[    2s] cycle: gstreamer-plugins-base -> libgstapp-1_0-0
[    2s]   breaking dependency gstreamer-plugins-base -> libgstapp-1_0-0
[    2s] cycle: gstreamer-plugins-base -> libgstaudio-1_0-0
[    2s]   breaking dependency gstreamer-plugins-base -> libgstaudio-1_0-0
[    2s] cycle: Mesa-dri -> Mesa
[    2s]   breaking dependency Mesa -> Mesa-dri
[    2s] cycle: Mesa-dri -> Mesa -> Mesa-libEGL1
[    2s]   breaking dependency Mesa -> Mesa-libEGL1
[    2s] cycle: Mesa -> Mesa-libGL1
[    2s]   breaking dependency Mesa-libGL1 -> Mesa
[    2s] cycle: Mesa-dri -> Mesa -> Mesa-libGL1
[    2s]   breaking dependency Mesa-libGL1 -> Mesa-dri
[    2s] cycle: libglvnd -> Mesa-dri -> Mesa -> Mesa-libGL1
[    2s]   breaking dependency Mesa -> Mesa-libGL1
[    2s] cycle: libglvnd -> Mesa-dri -> Mesa
[    2s]   breaking dependency libglvnd -> Mesa-dri
[    2s] cycle: gstreamer-plugins-base -> libgstgl-1_0-0 -> libgstallocators-1_0-0
[    2s]   breaking dependency gstreamer-plugins-base -> libgstgl-1_0-0
[    2s] cycle: libgstpbutils-1_0-0 -> gstreamer-plugins-base
[    2s]   breaking dependency gstreamer-plugins-base -> libgstpbutils-1_0-0
[    2s] cycle: gstreamer-plugins-base -> libgstriff-1_0-0
[    2s]   breaking dependency gstreamer-plugins-base -> libgstriff-1_0-0
[    2s] cycle: gstreamer-plugins-base -> libgsttag-1_0-0
[    2s]   breaking dependency gstreamer-plugins-base -> libgsttag-1_0-0
[    2s] cycle: gstreamer-plugins-base -> libgstvideo-1_0-0
[    2s]   breaking dependency gstreamer-plugins-base -> libgstvideo-1_0-0
[    2s] cycle: libpipewire-0_3-0 -> pipewire-modules-0_3
[    2s]   breaking dependency libpipewire-0_3-0 -> pipewire-modules-0_3
[    2s] cycle: libgtk-3-0 -> gtk3-tools
[    2s]   breaking dependency libgtk-3-0 -> gtk3-tools
[    2s] cycle: libgnome-desktop-3_0-common -> libgnome-desktop-3-20
[    2s]   breaking dependency libgnome-desktop-3-20 -> libgnome-desktop-3_0-common
[    2s] done
[    2s] Detected virtio-serial support
[    3s] booting kvm...
[    3s] ### VM INTERACTION START ###
[    3s] Using virtio-serial support and enabling console input
[    3s] /usr/bin/qemu-kvm -nodefaults -no-reboot -nographic -vga none -cpu host -M pc,accel=kvm,usb=off,dump-guest-core=off,vmport=off -sandbox on -bios /usr/share/qemu/qboot.rom -object rng-random,filename=/dev/random,id=rng0 -device virtio-rng-pci,rng=rng0 -object iothread,id=io0 -run-with user=qemu -net none -kernel /var/cache/obs/worker/root_24/.mount/boot/kernel -initrd /var/cache/obs/worker/root_24/.mount/boot/initrd -append root=/dev/disk/by-id/virtio-0 rootfstype=ext4 rootflags=noatime elevator=noop nmi_watchdog=0 rw ia32_emulation=1 oops=panic panic=1 quiet console=hvc0 init=/.build/build -m 16384 -drive file=/var/cache/obs/worker/root_24/root,format=raw,if=none,id=disk,cache=unsafe,aio=io_uring -device virtio-blk-pci,iothread=io0,drive=disk,serial=0 -drive file=/var/cache/obs/worker/root_24/swap,format=raw,if=none,id=swap,cache=unsafe,aio=io_uring -device virtio-blk-pci,iothread=io0,drive=swap,serial=1 -device virtio-serial,max_ports=2 -device virtconsole,chardev=virtiocon0 -chardev stdio,mux=on,id=virtiocon0 -mon chardev=virtiocon0 -chardev socket,id=monitor,server=on,wait=off,path=/var/cache/obs/worker/root_24/root.qemu/monitor -mon chardev=monitor,mode=readline -smp 4
[    4s] [!p]104[?7h[    0.539881][    T1] systemd[1]: Failed to start Virtual Console Setup.
[    4s] [[0;1;31mFAILED[0m] Failed to start [0;1;39mVirtual Console Setup[0m.
[    6s] [6n[32766;32766H[6n[!p]104[?7h### VM INTERACTION END ###
[    6s] 2nd stage started in virtual machine
[    6s] ^[[24;10R^[[24;80Rmachine type: x86_64
[    6s] Linux version: 6.12.0-160100.5-default #1 SMP PREEMPT_DYNAMIC Wed Sep  9 16:04:11 UTC 2026 (7ef63c9)
[    6s] Time: Sun Sep 27 11:55:12 UTC 2026
[    6s] Increasing log level from now on...
[    6s] [    2.277619][  T567] sysrq: Changing Loglevel
[    6s] [    2.277658][  T567] sysrq: Loglevel set to 4
[    6s] Enable sysrq operations
[    6s] Setting up swapspace version 1, size = 4 GiB (4294963200 bytes)
[    6s] no label, UUID=556e0819-ff58-46a2-ba8d-7d781f6e4048
[    6s] logging output to //.build.log...
[    6s] processing recipe //.build-srcdir/xdg-desktop-portal-gnome.spec ...
[    6s] init_buildsystem --configdir /.build/configs --cachedir /var/cache/build //.build-srcdir/xdg-desktop-portal-gnome.spec build ...
[    6s] initializing rpm db...
[    6s] querying package ids...
[    7s] [1/472] cumulate compat-usrmerge-tools-84.87-160100.2.2
[    7s] [2/472] cumulate crypto-policies-20250714.cd6043a-160100.2.1
[    7s] [3/472] cumulate dbus-broker-block-restart-36-160100.2.1
[    7s] [4/472] cumulate file-magic-5.46-160100.2.1
[    7s] [5/472] cumulate gettext-its-gtk4-4.18.6-160100.2.1
[    7s] [6/472] cumulate gsettings-desktop-schemas-48.0-160100.2.1
[    7s] [7/472] cumulate gtk3-data-3.24.52-160100.2.1
[    7s] [8/472] cumulate gtk3-schema-3.24.52-160100.2.1
[    7s] [9/472] cumulate gtk4-schema-4.18.6-160100.2.1
[    7s] [10/472] cumulate hicolor-icon-theme-0.18-160100.2.1
[    7s] [11/472] cumulate iso-codes-4.16.0-160100.2.1
[    7s] [12/472] cumulate kernel-obs-build-6.12.0-160100.5.1
[    7s] [13/472] cumulate libX11-data-1.8.12-160100.2.1
[    7s] [14/472] cumulate libicu77-ledata-77.1-160100.2.1
[    7s] [15/472] cumulate libldap-data-2.6.13+57-160100.2.2
[    7s] [16/472] cumulate libsemanage-conf-3.11-160100.2.1
[    7s] [17/472] cumulate libthai-data-0.1.29-160100.2.1
[    7s] [18/472] cumulate pkgconf-m4-2.2.0-160100.2.1
[    7s] [19/472] cumulate python-rpm-macros-20260629.bcd36db-160100.2.1
[    7s] [20/472] cumulate system-user-root-20190513-160100.2.1
[    7s] [21/472] cumulate terminfo-base-6.5.20250531-160100.2.1
[    7s] [22/472] cumulate typelib-1_0-GIRepository-3_0-2.84.4-160100.2.2
[    7s] [23/472] cumulate filesystem-84.87-160100.2.1
[    7s] [24/472] cumulate glibc-2.40-160100.3.1
[    7s] [25/472] cumulate diffutils-3.12-160100.2.1
[    7s] [26/472] cumulate envsubst-mini-0.22.5-160100.2.1
[    7s] [27/472] cumulate fillup-1.42-160100.2.1
[    7s] [28/472] cumulate glibc-gconv-modules-extra-2.40-160100.3.1
[    7s] [29/472] cumulate glibc-locale-base-2.40-160100.3.1
[    7s] [30/472] cumulate libXau6-1.0.12-160100.2.1
[    7s] [31/472] cumulate libacl1-2.3.2-160100.2.1
[    7s] [32/472] cumulate libalternatives1-1.2+30.a5431e9-160100.2.1
[    7s] [33/472] cumulate libasound2-1.2.16.1-160100.3.1
[    7s] [34/472] cumulate libatomic1-16.2.0+git9497-160100.2.1
[    7s] [35/472] cumulate libattr1-2.5.2-160100.2.1
[    7s] [36/472] cumulate libaudit1-4.0-160100.2.1
[    7s] [37/472] cumulate libavahi-common3-0.8-160100.2.1
[    7s] [38/472] cumulate libbluetooth3-5.82-160100.2.1
[    7s] [39/472] cumulate libbrotlicommon1-1.1.0-160100.2.1
[    7s] [40/472] cumulate libbz2-1-1.0.8-160100.3.1
[    7s] [41/472] cumulate libcap-ng0-0.8.5-160100.2.1
[    7s] [42/472] cumulate libcap2-2.78-160100.2.1
[    7s] [43/472] cumulate libcom_err2-1.47.0-160100.2.1
[    7s] [44/472] cumulate libcrypt1-4.4.38-160100.2.1
[    7s] [45/472] cumulate libdatrie1-0.2.13-160100.2.1
[    7s] [46/472] cumulate libdav1d7-1.5.1-160100.2.1
[    7s] [47/472] cumulate libdisplay-info2-0.2.0-160100.2.1
[    7s] [48/472] cumulate libdrm2-2.4.131-160100.2.1
[    7s] [49/472] cumulate libebur128-1-1.2.6-160100.2.1
[    7s] [50/472] cumulate libeconf0-0.7.9-160100.2.1
[    7s] [51/472] cumulate libepoxy0-1.5.10-160100.2.1
[    7s] [52/472] cumulate libexpat1-2.7.4-160100.2.1
[    7s] [53/472] cumulate libfdk-aac2-2.0.0-160100.2.1
[    7s] [54/472] cumulate libffi8-3.4.6-160100.2.1
[    7s] [55/472] cumulate libfftw3-3-3.3.10-160100.2.1
[    7s] [56/472] cumulate libfribidi0-1.0.15-160100.2.1
[    7s] [57/472] cumulate libgcc_s1-16.2.0+git9497-160100.2.1
[    7s] [58/472] cumulate libgdbm6-1.24-160100.2.1
[    7s] [59/472] cumulate libgmp10-6.3.0-160100.2.1
[    7s] [60/472] cumulate libgomp1-16.2.0+git9497-160100.2.1
[    7s] [61/472] cumulate libgpg-error0-1.58-160100.2.1
[    7s] [62/472] cumulate libgraphite2-3-1.3.14-160100.2.1
[    7s] [63/472] cumulate libitm1-16.2.0+git9497-160100.2.1
[    7s] [64/472] cumulate libjbig2-2.1-160100.2.1
[    7s] [65/472] cumulate libjitterentropy3-3.6.3-160100.2.1
[    7s] [66/472] cumulate libjpeg8-8.3.2-160100.2.1
[    7s] [67/472] cumulate liblc3-1-1.1.1-160100.2.1
[    7s] [68/472] cumulate liblcms2-2-2.16-160100.3.1
[    7s] [69/472] cumulate libldac2-2.0.2.3-160100.2.1
[    7s] [70/472] cumulate libleancrypto1-1.7.2-160100.3.1
[    7s] [71/472] cumulate liblua5_4-5-5.4.7-160100.2.1
[    7s] [72/472] cumulate liblz1-1.15-160100.2.1
[    7s] [73/472] cumulate liblz4-1-1.10.0-160100.2.1
[    7s] [74/472] cumulate liblzma5-5.8.1-160100.2.1
[    7s] [75/472] cumulate liblzo2-2-2.10-160100.2.1
[    7s] [76/472] cumulate libmpdec4-4.0.1-160100.2.1
[    7s] [77/472] cumulate libnettle8-3.10.1-160100.2.1
[    7s] [78/472] cumulate libnghttp2-14-1.68.1-160100.2.1
[    7s] [79/472] cumulate libogg0-1.3.5-160100.2.1
[    7s] [80/472] cumulate libopus0-1.5.2-160100.2.1
[    7s] [81/472] cumulate liborc-0_4-0-0.4.41-160100.2.1
[    7s] [82/472] cumulate libpcre2-16-0-10.45-160100.3.1
[    7s] [83/472] cumulate libpcre2-32-0-10.45-160100.3.1
[    7s] [84/472] cumulate libpcre2-8-0-10.45-160100.3.1
[    7s] [85/472] cumulate libpixman-1-0-0.46.4-160100.2.1
[    7s] [86/472] cumulate libpkgconf5-2.2.0-160100.2.1
[    7s] [87/472] cumulate libpopt0-1.19-160100.2.1
[    7s] [88/472] cumulate libraw1394-11-2.1.2-160100.2.1
[    7s] [89/472] cumulate libsasl2-3-2.1.28-160100.2.1
[    7s] [90/472] cumulate libsbc1-1.5-160100.2.1
[    7s] [91/472] cumulate libseccomp2-2.6.0-160100.3.1
[    7s] [92/472] cumulate libsepol2-3.11-160100.2.1
[    7s] [93/472] cumulate libserd-0-0-0.32.4-160100.2.1
[    7s] [94/472] cumulate libsframe2-2.45-160100.2.1
[    7s] [95/472] cumulate libsharpyuv0-1.5.0-160100.2.1
[    7s] [96/472] cumulate libsmartcols1-2.42.1-160100.2.1
[    7s] [97/472] cumulate libsqlite3-0-3.53.2-160100.2.1
[    7s] [98/472] cumulate libstemmer1d-2.2.0-160100.2.1
[    7s] [99/472] cumulate libtasn1-6-4.21.0-160100.2.1
[    7s] [100/472] cumulate libtheoradec1-1.1.1-160100.2.1
[    7s] [101/472] cumulate libturbojpeg0-8.3.2-160100.2.1
[    7s] [102/472] cumulate libunistring5-1.3-160100.2.1
[    7s] [103/472] cumulate libuuid1-2.42.1-160100.2.1
[    7s] [104/472] cumulate libverto1-0.3.2-160100.2.1
[    7s] [105/472] cumulate libvulkan1-1.4.341-160100.2.1
[    7s] [106/472] cumulate libwayland-egl1-1.24.0-160100.2.1
[    7s] [107/472] cumulate libxshmfence1-1.3.2-160100.2.1
[    7s] [108/472] cumulate libyaml-0-2-0.2.5-160100.2.1
[    7s] [109/472] cumulate libz1-1.2.13-160100.2.1
[    7s] [110/472] cumulate libzix-0-0-0.6.2-160100.2.1
[    7s] [111/472] cumulate libzstd1-1.5.7-160100.2.1
[    7s] [112/472] cumulate patch-2.7.6-160100.2.1
[    7s] [113/472] cumulate timezone-2026c-160100.3.1
[    7s] [114/472] cumulate update-alternatives-1.22.22-160100.2.1
[    7s] [115/472] cumulate which-2.23-160100.2.1
[    7s] [116/472] cumulate libX11-xcb1-1.8.12-160100.2.1
[    7s] [117/472] cumulate libncurses6-6.5.20250531-160100.2.1
[    7s] [118/472] cumulate alts-1.2+30.a5431e9-160100.2.1
[    7s] [119/472] cumulate attr-2.5.2-160100.2.1
[    7s] [120/472] cumulate libFLAC12-1.4.3-160100.2.1
[    7s] [121/472] cumulate libavc1394-0-0.5.4-160100.2.1
[    7s] [122/472] cumulate libblkid1-2.42.1-160100.2.1
[    7s] [123/472] cumulate libbrotlidec1-1.1.0-160100.2.1
[    7s] [124/472] cumulate libbrotlienc1-1.1.0-160100.2.1
[    7s] [125/472] cumulate libctf-nobfd0-2.45-160100.2.1
[    7s] [126/472] cumulate libdrm_amdgpu1-2.4.131-160100.2.1
[    7s] [127/472] cumulate libedit0-20210910.3.1-160100.2.1
[    7s] [128/472] cumulate libgbm1-26.0.7-160100.2.1
[    7s] [129/472] cumulate libgdbm_compat4-1.24-160100.2.1
[    7s] [130/472] cumulate libglib-2_0-0-2.84.4-160100.2.2
[    7s] [131/472] cumulate libidn2-0-2.3.8-160100.2.1
[    7s] [132/472] cumulate libiec61883-0-1.2.0-160100.2.1
[    7s] [133/472] cumulate libisl23-0.26-160100.2.1
[    7s] [134/472] cumulate libmpfr6-4.2.1-160100.2.1
[    7s] [135/472] cumulate libmysofa1-1.3.2-160100.2.1
[    7s] [136/472] cumulate libp11-kit0-0.26.2-160100.2.1
[    7s] [137/472] cumulate libpciaccess0-0.18.1-160100.2.1
[    7s] [138/472] cumulate libpcre2-posix3-10.45-160100.3.1
[    7s] [139/472] cumulate libpng16-16-1.6.58-160100.2.1
[    7s] [140/472] cumulate libreadline8-8.2.13-160100.2.1
[    7s] [141/472] cumulate libselinux1-3.11-160100.2.1
[    7s] [142/472] cumulate libstdc++6-16.2.0+git9497-160100.2.1
[    7s] [143/472] cumulate libsystemd0-mini-257.13-160100.3.1
[    7s] [144/472] cumulate libtheoraenc1-1.1.1-160100.2.1
[    7s] [145/472] cumulate libudev-mini1-257.13-160100.3.1
[    7s] [146/472] cumulate libunwind8-1.8.1-160100.2.1
[    7s] [147/472] cumulate libvorbis0-1.3.7-160100.2.1
[    7s] [148/472] cumulate libwayland-client0-1.24.0-160100.2.1
[    7s] [149/472] cumulate libwayland-server0-1.24.0-160100.2.1
[    7s] [150/472] cumulate libxcb1-1.17.0-160100.2.1
[    7s] [151/472] cumulate ncurses-utils-6.5.20250531-160100.2.1
[    7s] [152/472] cumulate perl-base-5.42.1-160100.2.1
[    7s] [153/472] cumulate pkgconf-2.2.0-160100.2.1
[    7s] [154/472] cumulate libelf1-0.192-160100.2.1
[    7s] [155/472] cumulate libgcrypt20-1.12.1-160100.2.3
[    7s] [156/472] cumulate libhogweed6-3.10.1-160100.2.1
[    7s] [157/472] cumulate libsord-0-0-0.16.18-160100.2.1
[    7s] [158/472] cumulate libthai0-0.1.29-160100.2.1
[    7s] [159/472] cumulate libxml2-2-2.13.8-160100.2.1
[    7s] [160/472] cumulate permctl-1699_20260518-160100.2.1
[    7s] [161/472] cumulate libmagic1-5.46-160100.2.1
[    7s] [162/472] cumulate build-mkbaselibs-20260415-160100.2.2
[    7s] [163/472] cumulate bash-5.2.37-160100.2.1
[    7s] [164/472] cumulate dwz-0.15-160100.2.2
[    7s] [165/472] cumulate findutils-4.10.0-160100.2.1
[    7s] [166/472] cumulate libSPIRV-Tools-2026_1-2026.1-160100.2.1
[    7s] [167/472] cumulate libgmodule-2_0-0-2.84.4-160100.2.2
[    7s] [168/472] cumulate libgthread-2_0-0-2.84.4-160100.2.2
[    7s] [169/472] cumulate libusb-1_0-0-1.0.28-160100.3.1
[    7s] [170/472] cumulate libvorbisenc2-1.3.7-160100.2.1
[    7s] [171/472] cumulate libwayland-cursor0-1.24.0-160100.2.1
[    7s] [172/472] cumulate libxcb-composite0-1.17.0-160100.2.1
[    7s] [173/472] cumulate libxcb-damage0-1.17.0-160100.2.1
[    7s] [174/472] cumulate libxcb-dbe0-1.17.0-160100.2.1
[    7s] [175/472] cumulate libxcb-dpms0-1.17.0-160100.2.1
[    7s] [176/472] cumulate libxcb-dri2-0-1.17.0-160100.2.1
[    7s] [177/472] cumulate libxcb-dri3-0-1.17.0-160100.2.1
[    7s] [178/472] cumulate libxcb-glx0-1.17.0-160100.2.1
[    7s] [179/472] cumulate libxcb-present0-1.17.0-160100.2.1
[    7s] [180/472] cumulate libxcb-randr0-1.17.0-160100.2.1
[    7s] [181/472] cumulate libxcb-record0-1.17.0-160100.2.1
[    7s] [182/472] cumulate libxcb-render0-1.17.0-160100.2.1
[    7s] [183/472] cumulate libxcb-res0-1.17.0-160100.2.1
[    7s] [184/472] cumulate libxcb-screensaver0-1.17.0-160100.2.1
[    7s] [185/472] cumulate libxcb-shape0-1.17.0-160100.2.1
[    7s] [186/472] cumulate libxcb-shm0-1.17.0-160100.2.1
[    7s] [187/472] cumulate libxcb-sync1-1.17.0-160100.2.1
[    7s] [188/472] cumulate libxcb-xf86dri0-1.17.0-160100.2.1
[    7s] [189/472] cumulate libxcb-xfixes0-1.17.0-160100.2.1
[    7s] [190/472] cumulate libxcb-xinerama0-1.17.0-160100.2.1
[    7s] [191/472] cumulate libxcb-xinput0-1.17.0-160100.2.1
[    7s] [192/472] cumulate libxcb-xkb1-1.17.0-160100.2.1
[    7s] [193/472] cumulate libxcb-xtest0-1.17.0-160100.2.1
[    7s] [194/472] cumulate libxcb-xv0-1.17.0-160100.2.1
[    7s] [195/472] cumulate libxcb-xvmc0-1.17.0-160100.2.1
[    7s] [196/472] cumulate libxkbregistry0-1.8.0-160100.2.1
[    7s] [197/472] cumulate bubblewrap-0.11.2-160100.2.1
[    7s] [198/472] cumulate file-5.46-160100.2.1
[    7s] [199/472] cumulate libX11-6-1.8.12-160100.2.1
[    7s] [200/472] cumulate libasan8-16.2.0+git9497-160100.2.1
[    7s] [201/472] cumulate libconfig++11-1.7.3-160100.2.1
[    7s] [202/472] cumulate libdb-4_8-4.8.30-160100.2.1
[    7s] [203/472] cumulate libdrm_intel1-2.4.131-160100.2.1
[    7s] [204/472] cumulate libfdisk1-2.42.1-160100.2.1
[    7s] [205/472] cumulate libgobject-2_0-0-2.84.4-160100.2.2
[    7s] [206/472] cumulate libhwasan0-16.2.0+git9497-160100.2.1
[    7s] [207/472] cumulate libhwy1-1.2.0-160100.2.1
[    7s] [208/472] cumulate liblsan0-16.2.0+git9497-160100.2.1
[    7s] [209/472] cumulate libmount1-2.42.1-160100.2.1
[    7s] [210/472] cumulate libmpc3-1.3.1-160100.2.1
[    7s] [211/472] cumulate libpsl5-0.21.5-160100.2.1
[    7s] [212/472] cumulate libsigc-2_0-0-2.12.1-160100.2.1
[    7s] [213/472] cumulate libsratom-0-0-0.6.14-160100.2.1
[    7s] [214/472] cumulate libsubid5-4.19.4-160100.2.1
[    7s] [215/472] cumulate libtsan2-16.2.0+git9497-160100.2.1
[    7s] [216/472] cumulate libubsan1-16.2.0+git9497-160100.2.1
[    7s] [217/472] cumulate libwebrtc-audio-processing-1-3-1.3-160100.2.1
[    7s] [218/472] cumulate libxml2-tools-2.13.8-160100.2.1
[    7s] [219/472] cumulate ninja-1.12.1-160100.2.1
[    7s] [220/472] cumulate sed-4.9-160100.2.1
[    7s] [221/472] cumulate tar-1.35-160100.2.3
[    7s] [222/472] cumulate libfreetype6-2.14.3-160100.2.1
[    7s] [223/472] cumulate libicu77-77.1-160100.2.1
[    7s] [224/472] cumulate libdw1-0.192-160100.2.1
[    7s] [225/472] cumulate libsemanage2-3.11-160100.2.1
[    7s] [226/472] cumulate libLLVM21-21.1.8-160100.2.1
[    7s] [227/472] cumulate libheif1-1.23.4-160100.1.1
[    7s] [228/472] cumulate libtiff6-4.7.2-160100.2.1
[    7s] [229/472] cumulate perl-5.42.1-160100.2.1
[    7s] [230/472] cumulate libgnutls30-3.8.10-160100.2.6
[    7s] [231/472] cumulate bash-sh-5.2.37-160100.2.1
[    7s] [232/472] cumulate brp-check-suse-84.87+git20230324.8680ce4-160100.2.1
[    7s] [233/472] cumulate libXcomposite1-0.4.6-160100.2.1
[    7s] [234/472] cumulate libXdamage1-1.1.6-160100.2.1
[    7s] [235/472] cumulate libXext6-1.3.6-160100.2.1
[    7s] [236/472] cumulate libXfixes3-6.0.2-160100.2.1
[    7s] [237/472] cumulate libXrender1-0.9.12-160100.2.1
[    7s] [238/472] cumulate perl-rpm-packaging-1.2-160100.2.1
[    7s] [239/472] cumulate typelib-1_0-GLib-2_0-2.84.4-160100.2.2
[    7s] [240/472] cumulate libasm1-0.192-160100.2.1
[    7s] [241/472] cumulate libatk-1_0-0-2.58.7-160100.2.1
[    7s] [242/472] cumulate libgraphene-1_0-0-1.10.8-160100.2.1
[    7s] [243/472] cumulate libspandsp3-3.0.0+g57-160100.2.1
[    7s] [244/472] cumulate libgudev-1_0-0-238-160100.2.1
[    7s] [245/472] cumulate libharfbuzz0-12.3.1-160100.2.1
[    7s] [246/472] cumulate Mesa-vulkan-device-select-26.0.7-160100.2.1
[    7s] [247/472] cumulate libcamera-base0_5-0.5.1-160100.2.1
[    7s] [248/472] cumulate libgirepository-2_0-0-2.84.4-160100.2.2
[    7s] [249/472] cumulate libjxl0_11-0.11.2-160100.3.1
[    7s] [250/472] cumulate liblilv-0-0-0.24.24-160100.2.1
[    7s] [251/472] cumulate libsndfile1-1.2.2-160100.2.1
[    7s] [252/472] cumulate cpp13-13.4.0+git9739-160100.2.1
[    7s] [253/472] cumulate libglibmm-2_4-1-2.66.6-160100.2.1
[    7s] [254/472] cumulate libssh-config-0.11.5-160100.3.1
[    7s] [255/472] cumulate login_defs-4.19.4-160100.2.1
[    7s] [256/472] cumulate sysuser-shadow-3.3-160100.2.1
[    7s] [257/472] cumulate cpio-2.15-160100.3.2
[    7s] [258/472] cumulate cpp-build-13-160100.2.1
[    7s] [259/472] cumulate gzip-1.14-160100.2.1
[    7s] [260/472] cumulate libharfbuzz-subset0-12.3.1-160100.2.1
[    7s] [261/472] cumulate make-4.4.1-160100.2.1
[    7s] [262/472] cumulate typelib-1_0-GModule-2_0-2.84.4-160100.2.2
[    7s] [263/472] cumulate typelib-1_0-GObject-2_0-2.84.4-160100.2.2
[    7s] [264/472] cumulate bzip2-1.0.8-160100.3.1
[    7s] [265/472] cumulate grep-3.11-160100.2.1
[    7s] [266/472] cumulate libXi6-1.8.2-160100.2.1
[    7s] [267/472] cumulate libXinerama1-1.1.5-160100.2.1
[    7s] [268/472] cumulate libXv1-1.0.12-160100.2.1
[    7s] [269/472] cumulate libXxf86vm1-1.1.6-160100.2.1
[    7s] [270/472] cumulate libharfbuzz-icu0-12.3.1-160100.2.1
[    7s] [271/472] cumulate pkgconf-pkg-config-2.2.0-160100.2.1
[    7s] [272/472] cumulate typelib-1_0-GLibUnix-2_0-2.84.4-160100.2.2
[    7s] [273/472] cumulate xz-5.8.1-160100.2.1
[    7s] [274/472] cumulate gettext-runtime-mini-0.22.5-160100.2.1
[    7s] [275/472] cumulate libXcursor1-1.2.3-160100.2.1
[    7s] [276/472] cumulate libXrandr2-1.5.4-160100.2.1
[    7s] [277/472] cumulate libharfbuzz-gobject0-12.3.1-160100.2.1
[    7s] [278/472] cumulate gawk-5.3.2-160100.2.1
[    7s] [279/472] cumulate libxml++-3_0-1-3.2.5-160100.2.1
[    7s] [280/472] cumulate lua54-5.4.7-160100.2.1
[    7s] [281/472] cumulate zstd-1.5.7-160100.2.1
[    7s] [282/472] cumulate shared-mime-info-2.4-160100.2.1
[    7s] [283/472] cumulate coreutils-9.6-160100.3.1
[    7s] [284/472] cumulate elfutils-0.192-160100.2.1
[    7s] [285/472] cumulate libcamera0_5-0.5.1-160100.2.1
[    7s] [286/472] cumulate libvulkan_lvp-26.0.7-160100.2.1
[    7s] [287/472] cumulate adwaita-icon-theme-48.1-160100.1.1
[    7s] [288/472] cumulate compat-usrmerge-build-84.87-160100.2.2
[    7s] [289/472] cumulate systemd-rpm-macros-26-160100.2.1
[    7s] [290/472] cumulate xorgproto-devel-2025.1-160100.2.1
[    7s] [291/472] cumulate dbus-1-common-1.14.10-160100.2.1
[    7s] [292/472] cumulate fribidi-devel-1.0.15-160100.2.1
[    7s] [293/472] cumulate gsettings-desktop-schemas-devel-48.0-160100.2.1
[    7s] [294/472] cumulate iso-codes-devel-4.16.0-160100.2.1
[    7s] [295/472] cumulate libeconf-devel-0.7.9-160100.2.1
[    7s] [296/472] cumulate libffi-devel-3.4.6-160100.2.1
[    7s] [297/472] cumulate libpixman-1-0-devel-0.46.4-160100.2.1
[    7s] [298/472] cumulate libseccomp-devel-2.6.0-160100.3.1
[    7s] [299/472] cumulate libxcrypt-devel-4.4.38-160100.2.1
[    7s] [300/472] cumulate linux-glibc-devel-6.12-160100.2.1
[    7s] [301/472] cumulate lzo-devel-2.10-160100.2.1
[    7s] [302/472] cumulate system-user-lp-20170617-160100.2.1
[    7s] [303/472] cumulate xz-devel-5.8.1-160100.2.1
[    7s] [304/472] cumulate libdatrie-devel-0.2.13-160100.2.1
[    7s] [305/472] cumulate libicu-devel-77.1-160100.2.1
[    7s] [306/472] cumulate libjpeg8-devel-8.3.2-160100.2.1
[    7s] [307/472] cumulate typelib-1_0-Graphene-1_0-1.10.8-160100.2.1
[    7s] [308/472] cumulate xkeyboard-config-2.47-160100.2.1
[    7s] [309/472] cumulate libbrotli-devel-1.1.0-160100.2.1
[    7s] [310/472] cumulate permissions-config-1699_20260518-160100.2.1
[    7s] [311/472] cumulate polkit-default-privs-1550+20260709.b1b58aa-160100.2.1
[    7s] [312/472] cumulate libopenssl3-3.5.0-160100.3.2
[    7s] [313/472] cumulate gettext-tools-mini-0.22.5-160100.2.1
[    7s] [314/472] cumulate krb5-mini-1.22.2-160100.2.1
[    7s] [315/472] cumulate aaa_base-84.87+git20260610.3b5a868c-160100.2.1
[    7s] [316/472] cumulate libffado2-2.4.9-160100.2.1
[    7s] [317/472] cumulate aaa_base-malloccheck-84.87+git20260610.3b5a868c-160100.2.1
[    7s] [318/472] cumulate cups-config-2.4.19-160100.3.1
[    7s] [319/472] cumulate libxkbcommon0-1.8.0-160100.2.1
[    7s] [320/472] cumulate permissions-1699_20260518-160100.2.1
[    7s] [321/472] cumulate glibc-devel-2.40-160100.3.1
[    7s] [322/472] cumulate libXau-devel-1.0.12-160100.2.1
[    7s] [323/472] cumulate libblkid-devel-2.42.1-160100.2.1
[    7s] [324/472] cumulate libdbus-1-3-1.14.10-160100.2.1
[    7s] [325/472] cumulate libthai-devel-0.1.29-160100.2.1
[    7s] [326/472] cumulate libldap-2-2.6.13+57-160100.2.2
[    7s] [327/472] cumulate systemd-mini-devel-257.13-160100.3.1
[    7s] [328/472] cumulate libssh4-0.11.5-160100.3.1
[    7s] [329/472] cumulate rpmlint-mini-2.7.0+git20260429.56a0c16e-160100.2.5
[    7s] [330/472] cumulate libarchive13-3.8.7-160100.2.1
[    7s] [331/472] cumulate wayland-devel-1.24.0-160100.2.1
[    7s] [332/472] cumulate dbus-1-tools-1.14.10-160100.2.1
[    7s] [333/472] cumulate libxkbcommon-devel-1.8.0-160100.2.1
[    7s] [334/472] cumulate graphite2-devel-1.3.14-160100.2.1
[    7s] [335/472] cumulate libavahi-client3-0.8-160100.2.1
[    7s] [336/472] cumulate libbz2-devel-1.0.8-160100.3.1
[    7s] [337/472] cumulate libexpat-devel-2.7.4-160100.2.1
[    7s] [338/472] cumulate libsepol-devel-3.11-160100.2.1
[    7s] [339/472] cumulate libzstd-devel-1.5.7-160100.2.1
[    7s] [340/472] cumulate zlib-devel-1.2.13-160100.2.1
[    7s] [341/472] cumulate libstdc++6-devel-gcc13-13.4.0+git9739-160100.2.1
[    7s] [342/472] cumulate libpulse0-17.0-160100.2.1
[    7s] [343/472] cumulate dbus-1-daemon-1.14.10-160100.2.1
[    7s] [344/472] cumulate pam-1.7.2+git12-160100.2.1
[    7s] [345/472] cumulate post-build-checks-84.87+git20250725.0c3a172-160100.2.1
[    7s] [346/472] cumulate libcurl4-8.21.0-160100.2.1
[    7s] [347/472] cumulate libxcb-devel-1.17.0-160100.2.1
[    7s] [348/472] cumulate libstdc++-build-devel-13-160100.2.1
[    7s] [349/472] cumulate libX11-devel-1.8.12-160100.2.1
[    7s] [350/472] cumulate libpng16-devel-1.6.58-160100.2.1
[    7s] [351/472] cumulate freetype2-devel-2.14.3-160100.2.1
[    7s] [352/472] cumulate libcups2-2.4.19-160100.3.1
[    7s] [353/472] cumulate libxml2-devel-2.13.8-160100.2.1
[    7s] [354/472] cumulate systemd-mini-257.13-160100.3.1
[    7s] [355/472] cumulate shadow-4.19.4-160100.2.1
[    7s] [356/472] cumulate util-linux-2.42.1-160100.2.1
[    7s] [357/472] cumulate libpng16-compat-devel-1.6.58-160100.2.1
[    7s] [358/472] cumulate libxkbregistry-devel-1.8.0-160100.2.1
[    7s] [359/472] cumulate libXext-devel-1.3.6-160100.2.1
[    7s] [360/472] cumulate libXrender-devel-0.9.12-160100.2.1
[    7s] [361/472] cumulate pcre2-devel-10.45-160100.3.1
[    7s] [362/472] cumulate libtiff-devel-4.7.2-160100.2.1
[    7s] [363/472] cumulate dbus-broker-36-160100.2.1
[    7s] [364/472] cumulate shadow-pw-mgmt-4.19.4-160100.2.1
[    7s] [365/472] cumulate libselinux-devel-3.11-160100.2.1
[    7s] [366/472] cumulate libXrandr-devel-1.5.4-160100.2.1
[    7s] [367/472] cumulate dbus-1-1.14.10-160100.2.1
[    7s] [368/472] cumulate dbus-1-devel-1.14.10-160100.2.1
[    7s] [369/472] cumulate libmount-devel-2.42.1-160100.2.1
[    7s] [370/472] cumulate libfuse3-3-3.16.2-160100.2.1
[    7s] [371/472] cumulate rpm-config-SUSE-20250328-160100.2.1
[    7s] [372/472] cumulate libctf0-2.45-160100.2.1
[    7s] [373/472] cumulate libglvnd-1.7.0-160100.2.1
[    7s] [374/472] cumulate libfontconfig1-2.16.0-160100.2.1
[    7s] [375/472] cumulate libgirepository-1_0-1-1.84.0-160100.2.1
[    7s] [376/472] cumulate libgio-2_0-0-2.84.4-160100.2.2
[    7s] [377/472] cumulate python313-base-3.13.13-160100.2.1
[    7s] [378/472] cumulate gio-branding-upstream-2.84.4-160100.2.2
[    7s] [379/472] cumulate girepository-1_0-1.84.0-160100.2.1
[    7s] [380/472] cumulate python313-packaging-26.0-160100.2.1
[    7s] [381/472] cumulate libpython3_13-1_0-3.13.13-160100.2.1
[    7s] [382/472] cumulate python3-base-3.13.13-160100.2.1
[    7s] [383/472] cumulate fontconfig-2.16.0-160100.2.1
[    7s] [384/472] cumulate libcloudproviders0-0.3.6-160100.2.1
[    7s] [385/472] cumulate libjson-glib-1_0-0-1.10.6-160100.2.1
[    7s] [386/472] cumulate typelib-1_0-Gio-2_0-2.84.4-160100.2.2
[    7s] [387/472] cumulate Mesa-26.0.7-160100.2.1
[    7s] [388/472] cumulate libXft2-2.3.8-160100.2.1
[    7s] [389/472] cumulate vulkan-headers-1.4.341-160100.2.1
[    7s] [390/472] cumulate fontconfig-devel-2.16.0-160100.2.1
[    7s] [391/472] cumulate fuse3-3.16.2-160100.2.1
[    7s] [392/472] cumulate gdk-pixbuf-query-loaders-2.42.12-160100.2.1
[    7s] [393/472] cumulate libcolord2-1.4.8-160100.2.1
[    7s] [394/472] cumulate glib2-tools-2.84.4-160100.2.2
[    7s] [395/472] cumulate libatspi0-2.58.7-160100.2.1
[    7s] [396/472] cumulate libxmlb2-0.3.21-160100.2.1
[    7s] [397/472] cumulate libgstreamer-1_0-0-1.28.5-160100.2.1
[    7s] [398/472] cumulate binutils-2.45-160100.2.1
[    7s] [399/472] cumulate libcairo2-1.18.4-160100.2.1
[    7s] [400/472] cumulate Mesa-libGL1-26.0.7-160100.2.1
[    7s] [401/472] cumulate rpm-4.20.1-160100.3.2
[    7s] [402/472] cumulate pipewire-spa-plugins-0_2-1.6.8-160100.2.1
[    7s] [403/472] cumulate libharfbuzz-cairo0-12.3.1-160100.2.1
[    7s] [404/472] cumulate libpipewire-0_3-0-1.6.8-160100.2.1
[    7s] [405/472] cumulate meson-1.8.1-160100.2.1
[    7s] [406/472] cumulate vulkan-devel-1.4.341-160100.2.1
[    7s] [407/472] cumulate libcairo-gobject2-1.18.4-160100.2.1
[    7s] [408/472] cumulate typelib-1_0-HarfBuzz-0_0-12.3.1-160100.2.1
[    7s] [409/472] cumulate libXft-devel-2.3.8-160100.2.1
[    7s] [410/472] cumulate libcairo-script-interpreter2-1.18.4-160100.2.1
[    7s] [411/472] cumulate python-rpm-packaging-20210526+a18ca48-160100.2.1
[    7s] [412/472] cumulate libatk-bridge-2_0-0-2.58.7-160100.2.1
[    7s] [413/472] cumulate gstreamer-1.28.5-160100.2.1
[    7s] [414/472] cumulate libtracker-sparql-3_0-0-3.9.2-160100.2.1
[    7s] [415/472] cumulate build-compare-20240801T083050.024a3a7-160100.2.1
[    7s] [416/472] cumulate librpmbuild10-4.20.1-160100.3.2
[    7s] [417/472] cumulate libappstream5-1.0.5-160100.2.1
[    7s] [418/472] cumulate libgdk_pixbuf-2_0-0-2.42.12-160100.2.1
[    7s] [419/472] cumulate debugedit-5.0-160100.2.1
[    7s] [420/472] cumulate libpango-1_0-0-1.56.4-160100.2.1
[    7s] [421/472] cumulate gcc13-13.4.0+git9739-160100.2.1
[    7s] [422/472] cumulate Mesa-dri-26.0.7-160100.2.1
[    7s] [423/472] cumulate glib2-devel-2.84.4-160100.2.2
[    7s] [424/472] cumulate gcc13-PIE-13.4.0+git9739-160100.2.1
[    7s] [425/472] cumulate gcc-build-13-160100.2.1
[    7s] [426/472] cumulate AppStream-1.0.5-160100.2.1
[    7s] [427/472] cumulate typelib-1_0-GdkPixbuf-2_0-2.42.12-160100.2.1
[    7s] [428/472] cumulate libgraphene-devel-1.10.8-160100.2.1
[    7s] [429/472] cumulate typelib-1_0-Pango-1_0-1.56.4-160100.2.1
[    7s] [430/472] cumulate librsvg-2-2-2.60.2-160100.2.1
[    7s] [431/472] cumulate pipewire-modules-0_3-1.6.8-160100.2.1
[    7s] [432/472] cumulate Mesa-libEGL1-26.0.7-160100.2.1
[    7s] [433/472] cumulate cairo-devel-1.18.4-160100.2.1
[    7s] [434/472] cumulate gstreamer-plugins-base-1.28.5-160100.2.1
[    7s] [435/472] cumulate gcc-build-PIE-13-160100.2.1
[    7s] [436/472] cumulate AppStream-devel-1.0.5-160100.2.1
[    7s] [437/472] cumulate libgstapp-1_0-0-1.28.5-160100.2.1
[    7s] [438/472] cumulate libgstallocators-1_0-0-1.28.5-160100.2.1
[    7s] [439/472] cumulate libgsttag-1_0-0-1.28.5-160100.2.1
[    7s] [440/472] cumulate typelib-1_0-GdkPixdata-2_0-2.42.12-160100.2.1
[    7s] [441/472] cumulate glycin-loaders-1.2.4-160100.2.1
[    7s] [442/472] cumulate harfbuzz-devel-12.3.1-160100.2.1
[    7s] [443/472] cumulate rpm-build-4.20.1-160100.3.2
[    7s] [444/472] cumulate libgstaudio-1_0-0-1.28.5-160100.2.1
[    7s] [445/472] cumulate libgstvideo-1_0-0-1.28.5-160100.2.1
[    7s] [446/472] cumulate gdk-pixbuf-devel-2.42.12-160100.2.1
[    7s] [447/472] cumulate pango-devel-1.56.4-160100.2.1
[    7s] [448/472] cumulate libgtk-3-0-3.24.52-160100.2.1
[    7s] [449/472] cumulate libgstriff-1_0-0-1.28.5-160100.2.1
[    7s] [450/472] cumulate libgstpbutils-1_0-0-1.28.5-160100.2.1
[    7s] [451/472] cumulate gtk3-tools-3.24.52-160100.2.1
[    7s] [452/472] cumulate libgnome-desktop-3-20-44.3-160100.2.1
[    7s] [453/472] cumulate libgstgl-1_0-0-1.28.5-160100.2.1
[    7s] [454/472] cumulate libgnome-desktop-3_0-common-44.3-160100.2.1
[    7s] [455/472] cumulate libgstplay-1_0-0-1.28.5-160100.2.1
[    7s] [456/472] cumulate xdg-desktop-portal-1.20.4-160100.2.1
[    7s] [457/472] cumulate xdg-desktop-portal-devel-1.20.4-160100.2.1
[    7s] [458/472] cumulate libgstplayer-1_0-0-1.28.5-160100.2.1
[    7s] [459/472] cumulate xdg-desktop-portal-gtk-1.15.3-160100.2.1
[    7s] [460/472] cumulate libgtk-4-1-4.18.6-160100.2.1
[    7s] [461/472] cumulate gtk4-tools-4.18.6-160100.2.1
[    7s] [462/472] cumulate libadwaita-1-0-1.7.5-160100.2.1
[    7s] [463/472] cumulate typelib-1_0-Gtk-4_0-4.18.6-160100.2.1
[    7s] [464/472] cumulate libgnome-desktop-4-2-44.3-160100.2.1
[    7s] [465/472] cumulate gtk4-devel-tools-4.18.6-160100.2.1
[    7s] [466/472] cumulate typelib-1_0-GnomeDesktop-4_0-44.3-160100.2.1
[    7s] [467/472] cumulate typelib-1_0-Adw-1-1.7.5-160100.2.1
[    7s] [468/472] cumulate gtk4-devel-4.18.6-160100.2.1
[    7s] [469/472] cumulate libadwaita-devel-1.7.5-160100.2.1
[    7s] [470/472] cumulate typelib-1_0-GnomeBG-4_0-44.3-160100.2.1
[    7s] [471/472] cumulate typelib-1_0-GnomeRR-4_0-44.3-160100.2.1
[    7s] [472/472] cumulate libgnome-desktop-4-devel-44.3-160100.2.1
[    7s] now installing cumulated packages
[    7s] Preparing...                          ########################################
[    7s] Updating / installing...
[    7s] gsettings-desktop-schemas-48.0-160100.########################################
[    7s] system-user-root-20190513-160100.2.1  ########################################
[    7s] crypto-policies-20250714.cd6043a-16010########################################
[    7s] libX11-data-1.8.12-160100.2.1         ########################################
[    7s] hicolor-icon-theme-0.18-160100.2.1    ########################################
[    7s] typelib-1_0-GIRepository-3_0-2.84.4-16########################################
[    7s] terminfo-base-6.5.20250531-160100.2.1 ########################################
[    7s] python-rpm-macros-20260629.bcd36db-160########################################
[    7s] pkgconf-m4-2.2.0-160100.2.1           ########################################
[    7s] libthai-data-0.1.29-160100.2.1        ########################################
[    7s] libsemanage-conf-3.11-160100.2.1      ########################################
[    7s] libldap-data-2.6.13+57-160100.2.2     ########################################
[    7s] libicu77-ledata-77.1-160100.2.1       ########################################
[    7s] iso-codes-4.16.0-160100.2.1           ########################################
[    7s] gtk4-schema-4.18.6-160100.2.1         ########################################
[    7s] gtk3-schema-3.24.52-160100.2.1        ########################################
[    7s] gtk3-data-3.24.52-160100.2.1          ########################################
[    7s] gettext-its-gtk4-4.18.6-160100.2.1    ########################################
[    7s] file-magic-5.46-160100.2.1            ########################################
[    7s] dbus-broker-block-restart-36-160100.2.########################################
[    7s] compat-usrmerge-tools-84.87-160100.2.2########################################
[    7s] filesystem-84.87-160100.2.1           ########################################
[    7s] glibc-2.40-160100.3.1                 ########################################
[    7s] libgcc_s1-16.2.0+git9497-160100.2.1   ########################################
[    7s] libz1-1.2.13-160100.2.1               ########################################
[    7s] libstdc++6-16.2.0+git9497-160100.2.1  ########################################
[    7s] libzstd1-1.5.7-160100.2.1             ########################################
[    7s] libdrm2-2.4.131-160100.2.1            ########################################
[    7s] liblzma5-5.8.1-160100.2.1             ########################################
[    7s] libxml2-2-2.13.8-160100.2.1           ########################################
[    7s] libbz2-1-1.0.8-160100.3.1             ########################################
[    7s] libelf1-0.192-160100.2.1              ########################################
[    7s] libcap2-2.78-160100.2.1               ########################################
[    7s] libsystemd0-mini-257.13-160100.3.1    ########################################
[    7s] libexpat1-2.7.4-160100.2.1            ########################################
[    7s] libffi8-3.4.6-160100.2.1              ########################################
[    7s] libwayland-client0-1.24.0-160100.2.1  ########################################
[    7s] libgmp10-6.3.0-160100.2.1             ########################################
[    7s] libudev-mini1-257.13-160100.3.1       ########################################
[    7s] libacl1-2.3.2-160100.2.1              ########################################
[    7s] libaudit1-4.0-160100.2.1              ########################################
[    7s] libcrypt1-4.4.38-160100.2.1           ########################################
[    7s] libpng16-16-1.6.58-160100.2.1         ########################################
[    7s] libjpeg8-8.3.2-160100.2.1             ########################################
[    7s] perl-base-5.42.1-160100.2.1           ########################################
[    7s] libdw1-0.192-160100.2.1               ########################################
[    7s] libeconf0-0.7.9-160100.2.1            ########################################
[    7s] libfribidi0-1.0.15-160100.2.1         ########################################
[    7s] libX11-xcb1-1.8.12-160100.2.1         ########################################
[    7s] libblkid1-2.42.1-160100.2.1           ########################################
[    7s] fillup-1.42-160100.2.1                ########################################
[    7s] libogg0-1.3.5-160100.2.1              ########################################
[    7s] libpcre2-8-0-10.45-160100.3.1         ########################################
[    7s] libglib-2_0-0-2.84.4-160100.2.2       ########################################
[    7s] libgobject-2_0-0-2.84.4-160100.2.2    ########################################
[    7s] libselinux1-3.11-160100.2.1           ########################################
[    7s] libgmodule-2_0-0-2.84.4-160100.2.2    ########################################
[    7s] typelib-1_0-GLib-2_0-2.84.4-160100.2.2########################################
[    7s] typelib-1_0-GObject-2_0-2.84.4-160100.########################################
[    7s] typelib-1_0-GModule-2_0-2.84.4-160100.########################################
[    7s] libgraphene-1_0-0-1.10.8-160100.2.1   ########################################
[    7s] sed-4.9-160100.2.1                    ########################################
[    7s] libvulkan1-1.4.341-160100.2.1         ########################################
[    7s] libwayland-egl1-1.24.0-160100.2.1     ########################################
[    7s] libmount1-2.42.1-160100.2.1           ########################################
[    7s] libmpfr6-4.2.1-160100.2.1             ########################################
[    7s] libopus0-1.5.2-160100.2.1             ########################################
[    7s] libseccomp2-2.6.0-160100.3.1          ########################################
[    7s] libncurses6-6.5.20250531-160100.2.1   ########################################
[    7s] libreadline8-8.2.13-160100.2.1        ########################################
[    7s] bash-5.2.37-160100.2.1                ########################################
[    7s] bash-sh-5.2.37-160100.2.1             ########################################
[    7s] grep-3.11-160100.2.1                  ########################################
[    7s] xz-5.8.1-160100.2.1                   ########################################
[    7s] gawk-5.3.2-160100.2.1                 ########################################
[    7s] cpio-2.15-160100.3.2                  ########################################
[    7s] typelib-1_0-Graphene-1_0-1.10.8-160100########################################
[    7s] findutils-4.10.0-160100.2.1           ########################################
[    7s] libvorbis0-1.3.7-160100.2.1           ########################################
[    7s] libwayland-cursor0-1.24.0-160100.2.1  ########################################
[    7s] libxkbregistry0-1.8.0-160100.2.1      ########################################
[    7s] libgbm1-26.0.7-160100.2.1             ########################################
[    7s] diffutils-3.12-160100.2.1             ########################################
[    7s] libattr1-2.5.2-160100.2.1             ########################################
[    7s] coreutils-9.6-160100.3.1              ########################################
[    7s] libavahi-common3-0.8-160100.2.1       ########################################
[    7s] libbrotlicommon1-1.1.0-160100.2.1     ########################################
[    7s] libbrotlidec1-1.1.0-160100.2.1        ########################################
[    7s] libfreetype6-2.14.3-160100.2.1        ########################################
[    7s] libfontconfig1-2.16.0-160100.2.1      ########################################
[    7s] fontconfig-2.16.0-160100.2.1          ########################################
[    7s] libbrotlienc1-1.1.0-160100.2.1        ########################################
[    7s] libcap-ng0-0.8.5-160100.2.1           ########################################
[    8s] libepoxy0-1.5.10-160100.2.1           ########################################
[    8s] libgomp1-16.2.0+git9497-160100.2.1    ########################################
[    8s] libjitterentropy3-3.6.3-160100.2.1    ########################################
[    8s] libopenssl3-3.5.0-160100.3.2          ########################################
[    8s] liblua5_4-5-5.4.7-160100.2.1          ########################################
[    8s] liborc-0_4-0-0.4.41-160100.2.1        ########################################
[    8s] libpopt0-1.19-160100.2.1              ########################################
[    8s] libraw1394-11-2.1.2-160100.2.1        ########################################
[    8s] libserd-0-0-0.32.4-160100.2.1         ########################################
[    8s] libunistring5-1.3-160100.2.1          ########################################
[    8s] libidn2-0-2.3.8-160100.2.1            ########################################
[    8s] libuuid1-2.42.1-160100.2.1            ########################################
[    8s] systemd-rpm-macros-26-160100.2.1      ########################################
[    8s] libvorbisenc2-1.3.7-160100.2.1        ########################################
[    8s] shared-mime-info-2.4-160100.2.1       ########################################
[    8s] libmpc3-1.3.1-160100.2.1              ########################################
[    8s] bubblewrap-0.11.2-160100.2.1          ########################################
[    8s] libatk-1_0-0-2.58.7-160100.2.1        ########################################
[    8s] libgudev-1_0-0-238-160100.2.1         ########################################
[    8s] permctl-1699_20260518-160100.2.1      ########################################
[    8s] libisl23-0.26-160100.2.1              ########################################
[    8s] cpp13-13.4.0+git9739-160100.2.1       ########################################
[    8s] dwz-0.15-160100.2.2                   ########################################
[    8s] libunwind8-1.8.1-160100.2.1           ########################################
[    8s] libcamera-base0_5-0.5.1-160100.2.1    ########################################
[    8s] libSPIRV-Tools-2026_1-2026.1-160100.2.########################################
[    8s] libXau6-1.0.12-160100.2.1             ########################################
[    8s] libxcb1-1.17.0-160100.2.1             ########################################
[    8s] libX11-6-1.8.12-160100.2.1            ########################################
[    8s] libXext6-1.3.6-160100.2.1             ########################################
[    8s] libXrender1-0.9.12-160100.2.1         ########################################
[    8s] libxcb-dri3-0-1.17.0-160100.2.1       ########################################
[    8s] libXi6-1.8.2-160100.2.1               ########################################
[    8s] libxcb-present0-1.17.0-160100.2.1     ########################################
[    8s] libxcb-shm0-1.17.0-160100.2.1         ########################################
[    8s] libxcb-xfixes0-1.17.0-160100.2.1      ########################################
[    8s] libXrandr2-1.5.4-160100.2.1           ########################################
[    8s] libXfixes3-6.0.2-160100.2.1           ########################################
[    8s] libxcb-randr0-1.17.0-160100.2.1       ########################################
[    8s] libXcursor1-1.2.3-160100.2.1          ########################################
[    8s] libXinerama1-1.1.5-160100.2.1         ########################################
[    8s] libXdamage1-1.1.6-160100.2.1          ########################################
[    8s] libxcb-sync1-1.17.0-160100.2.1        ########################################
[    8s] libXft2-2.3.8-160100.2.1              ########################################
[    8s] libxcb-glx0-1.17.0-160100.2.1         ########################################
[    8s] libxcb-render0-1.17.0-160100.2.1      ########################################
[    8s] libasound2-1.2.16.1-160100.3.1        ########################################
[    8s] libdatrie1-0.2.13-160100.2.1          ########################################
[    8s] libthai0-0.1.29-160100.2.1            ########################################
[    8s] libgdbm6-1.24-160100.2.1              ########################################
[    8s] libgraphite2-3-1.3.14-160100.2.1      ########################################
[    8s] libharfbuzz0-12.3.1-160100.2.1        ########################################
[    8s] libharfbuzz-subset0-12.3.1-160100.2.1 ########################################
[    8s] libharfbuzz-gobject0-12.3.1-160100.2.1########################################
[    8s] liblzo2-2-2.10-160100.2.1             ########################################
[    8s] libnettle8-3.10.1-160100.2.1          ########################################
[    8s] libpixman-1-0-0.46.4-160100.2.1       ########################################
[    8s] libcairo2-1.18.4-160100.2.1           ########################################
[    8s] libcairo-gobject2-1.18.4-160100.2.1   ########################################
[    8s] libcairo-script-interpreter2-1.18.4-16########################################
[    8s] libsepol2-3.11-160100.2.1             ########################################
[    8s] libxshmfence1-1.3.2-160100.2.1        ########################################
[    8s] libyaml-0-2-0.2.5-160100.2.1          ########################################
[    8s] libzix-0-0-0.6.2-160100.2.1           ########################################
[    9s] libsord-0-0-0.16.18-160100.2.1        ########################################
[    9s] update-alternatives-1.22.22-160100.2.1########################################
[    9s] lua54-5.4.7-160100.2.1                ########################################
[    9s] update-alternatives: using /usr/bin/lua5.4 to provide /usr/bin/lua (lua) in auto mode
[    9s] libsratom-0-0-0.6.14-160100.2.1       ########################################
[    9s] liblilv-0-0-0.24.24-160100.2.1        ########################################
[    9s] libsemanage2-3.11-160100.2.1          ########################################
[    9s] libharfbuzz-cairo0-12.3.1-160100.2.1  ########################################
[    9s] libhogweed6-3.10.1-160100.2.1         ########################################
[    9s] libgdbm_compat4-1.24-160100.2.1       ########################################
[    9s] perl-5.42.1-160100.2.1                ########################################
[    9s] perl-rpm-packaging-1.2-160100.2.1     ########################################
[    9s] Mesa-vulkan-device-select-26.0.7-16010########################################
[    9s] libXv1-1.0.12-160100.2.1              ########################################
[    9s] libXxf86vm1-1.1.6-160100.2.1          ########################################
[    9s] libXcomposite1-0.4.6-160100.2.1       ########################################
[    9s] libxcb-composite0-1.17.0-160100.2.1   ########################################
[    9s] libxcb-damage0-1.17.0-160100.2.1      ########################################
[    9s] libxcb-dbe0-1.17.0-160100.2.1         ########################################
[    9s] libxcb-dpms0-1.17.0-160100.2.1        ########################################
[    9s] libxcb-dri2-0-1.17.0-160100.2.1       ########################################
[    9s] libxcb-record0-1.17.0-160100.2.1      ########################################
[    9s] libxcb-res0-1.17.0-160100.2.1         ########################################
[    9s] libxcb-screensaver0-1.17.0-160100.2.1 ########################################
[    9s] libxcb-shape0-1.17.0-160100.2.1       ########################################
[    9s] libxcb-xf86dri0-1.17.0-160100.2.1     ########################################
[    9s] libxcb-xinerama0-1.17.0-160100.2.1    ########################################
[    9s] libxcb-xinput0-1.17.0-160100.2.1      ########################################
[    9s] libxcb-xkb1-1.17.0-160100.2.1         ########################################
[    9s] libxcb-xtest0-1.17.0-160100.2.1       ########################################
[    9s] libxcb-xv0-1.17.0-160100.2.1          ########################################
[    9s] libxcb-xvmc0-1.17.0-160100.2.1        ########################################
[    9s] cpp-build-13-160100.2.1               ########################################
[    9s] permissions-config-1699_20260518-16010########################################
[    9s] Updating /etc/sysconfig/security ...
[    9s] Checking permissions and ownerships - using the permissions files
[    9s] 	/usr/share/permissions/permissions
[    9s] 	/usr/share/permissions/permissions.easy
[    9s] 	/etc/permissions.local
[    9s] /usr/sbin/unix_chkpwd: setting to root:shadow 4755 (wrong owner/group root:root)
[    9s] permissions-1699_20260518-160100.2.1  ########################################
[    9s] pam-1.7.2+git12-160100.2.1            ########################################
[    9s] libfdisk1-2.42.1-160100.2.1           ########################################
[    9s] libpsl5-0.21.5-160100.2.1             ########################################
[    9s] libavc1394-0-0.5.4-160100.2.1         ########################################
[    9s] libiec61883-0-1.2.0-160100.2.1        ########################################
[    9s] linux-glibc-devel-6.12-160100.2.1     ########################################
[    9s] polkit-default-privs-1550+20260709.b1b########################################
[    9s] Updating /etc/sysconfig/security ...
[    9s] can't open /etc/polkit-1/rules.d/90-default-privs.rules.new: No such file or directory
[    9s] warning: %post(polkit-default-privs-1550+20260709.b1b58aa-160100.2.1.noarch) scriptlet failed, exit status 2
[    9s] libssh-config-0.11.5-160100.3.1       ########################################
[    9s] login_defs-4.19.4-160100.2.1          ########################################
[    9s] gzip-1.14-160100.2.1                  ########################################
[    9s] make-4.4.1-160100.2.1                 ########################################
[    9s] bzip2-1.0.8-160100.3.1                ########################################
[    9s] libxml2-tools-2.13.8-160100.2.1       ########################################
[    9s] libedit0-20210910.3.1-160100.2.1      ########################################
[   10s] libLLVM21-21.1.8-160100.2.1           ########################################
[   10s] ncurses-utils-6.5.20250531-160100.2.1 ########################################
[   10s] aaa_base-84.87+git20260610.3b5a868c-16########################################
[   10s] Updating /etc/sysconfig/proxy ...
[   10s] aaa_base-malloccheck-84.87+git20260610########################################
[   10s] typelib-1_0-GLibUnix-2_0-2.84.4-160100########################################
[   10s] libgirepository-2_0-0-2.84.4-160100.2.########################################
[   10s] girepository-1_0-1.84.0-160100.2.1    ########################################
[   10s] libgirepository-1_0-1-1.84.0-160100.2.########################################
[   10s] typelib-1_0-HarfBuzz-0_0-12.3.1-160100########################################
[   10s] libsubid5-4.19.4-160100.2.1           ########################################
[   10s] shadow-4.19.4-160100.2.1              ########################################
[   10s] shadow-pw-mgmt-4.19.4-160100.2.1      ########################################
[   10s] /usr/bin/newgidmap: setting to root:root 0755 "cap_setgid=ep". (missing capabilities)
[   10s] /usr/bin/newuidmap: setting to root:root 0755 "cap_setuid=ep". (missing capabilities)
[   10s] sysuser-shadow-3.3-160100.2.1         ########################################
[   10s] /usr/sbin/useradd -r -c User for D-Bus -d /run/dbus -U messagebus -s /usr/sbin/nologin
[   10s] dbus-1-common-1.14.10-160100.2.1      ########################################
[   10s] libdbus-1-3-1.14.10-160100.2.1        ########################################
[   10s] libavahi-client3-0.8-160100.2.1       ########################################
[   10s] dbus-1-tools-1.14.10-160100.2.1       ########################################
[   10s] dbus-1-daemon-1.14.10-160100.2.1      ########################################
[   10s] /usr/sbin/useradd -r -c Printing daemon -d /var/spool/lpd -U lp -s /usr/sbin/nologin
[   10s] system-user-lp-20170617-160100.2.1    ########################################
[   10s] cups-config-2.4.19-160100.3.1         ########################################
[   10s] tar-1.35-160100.2.3                   ########################################
[   10s] libgthread-2_0-0-2.84.4-160100.2.2    ########################################
[   10s] libpcre2-posix3-10.45-160100.3.1      ########################################
[   10s] libFLAC12-1.4.3-160100.2.1            ########################################
[   10s] libsndfile1-1.2.2-160100.2.1          ########################################
[   10s] libpulse0-17.0-160100.2.1             ########################################
[   10s] libtheoraenc1-1.1.1-160100.2.1        ########################################
[   10s] libasm1-0.192-160100.2.1              ########################################
[   10s] elfutils-0.192-160100.2.1             ########################################
[   10s] libusb-1_0-0-1.0.28-160100.3.1        ########################################
[   10s] libp11-kit0-0.26.2-160100.2.1         ########################################
[   10s] libwayland-server0-1.24.0-160100.2.1  ########################################
[   10s] libdrm_amdgpu1-2.4.131-160100.2.1     ########################################
[   10s] libasan8-16.2.0+git9497-160100.2.1    ########################################
[   10s] libconfig++11-1.7.3-160100.2.1        ########################################
[   10s] libhwasan0-16.2.0+git9497-160100.2.1  ########################################
[   10s] libhwy1-1.2.0-160100.2.1              ########################################
[   10s] libjxl0_11-0.11.2-160100.3.1          ########################################
[   10s] liblsan0-16.2.0+git9497-160100.2.1    ########################################
[   10s] libsigc-2_0-0-2.12.1-160100.2.1       ########################################
[   10s] libglibmm-2_4-1-2.66.6-160100.2.1     ########################################
[   10s] libxml++-3_0-1-3.2.5-160100.2.1       ########################################
[   10s] libffado2-2.4.9-160100.2.1            ########################################
[   10s] libtsan2-16.2.0+git9497-160100.2.1    ########################################
[   10s] libubsan1-16.2.0+git9497-160100.2.1   ########################################
[   10s] libwebrtc-audio-processing-1-3-1.3-160########################################
[   10s] ninja-1.12.1-160100.2.1               ########################################
[   10s] libctf-nobfd0-2.45-160100.2.1         ########################################
[   10s] libmysofa1-1.3.2-160100.2.1           ########################################
[   10s] libpciaccess0-0.18.1-160100.2.1       ########################################
[   10s] libdrm_intel1-2.4.131-160100.2.1      ########################################
[   10s] envsubst-mini-0.22.5-160100.2.1       ########################################
[   10s] gettext-runtime-mini-0.22.5-160100.2.1########################################
[   10s] glibc-gconv-modules-extra-2.40-160100.########################################
[   10s] gettext-tools-mini-0.22.5-160100.2.1  ########################################
[   10s] glibc-locale-base-2.40-160100.3.1     ########################################
[   10s] libalternatives1-1.2+30.a5431e9-160100########################################
[   10s] alts-1.2+30.a5431e9-160100.2.1        ########################################
[   10s] libatomic1-16.2.0+git9497-160100.2.1  ########################################
[   10s] libbluetooth3-5.82-160100.2.1         ########################################
[   10s] libcom_err2-1.47.0-160100.2.1         ########################################
[   10s] libdav1d7-1.5.1-160100.2.1            ########################################
[   10s] libdisplay-info2-0.2.0-160100.2.1     ########################################
[   10s] libvulkan_lvp-26.0.7-160100.2.1       ########################################
[   10s] libglvnd-1.7.0-160100.2.1             ########################################
[   10s] Mesa-libGL1-26.0.7-160100.2.1         ########################################
[   10s] Mesa-dri-26.0.7-160100.2.1            ########################################
[   10s] Mesa-libEGL1-26.0.7-160100.2.1        ########################################
[   10s] Mesa-26.0.7-160100.2.1                ########################################
[   10s] libebur128-1-1.2.6-160100.2.1         ########################################
[   10s] libfdk-aac2-2.0.0-160100.2.1          ########################################
[   10s] libfftw3-3-3.3.10-160100.2.1          ########################################
[   10s] libgpg-error0-1.58-160100.2.1         ########################################
[   10s] libgcrypt20-1.12.1-160100.2.3         ########################################
[   10s] rpm-config-SUSE-20250328-160100.2.1   ########################################
[   10s] rpm-4.20.1-160100.3.2                 ########################################
[   10s] Updating /etc/sysconfig/services ...
[   10s] libitm1-16.2.0+git9497-160100.2.1     ########################################
[   11s] libjbig2-2.1-160100.2.1               ########################################
[   11s] libtiff6-4.7.2-160100.2.1             ########################################
[   11s] libspandsp3-3.0.0+g57-160100.2.1      ########################################
[   11s] liblc3-1-1.1.1-160100.2.1             ########################################
[   11s] liblcms2-2-2.16-160100.3.1            ########################################
[   11s] libldac2-2.0.2.3-160100.2.1           ########################################
[   11s] libleancrypto1-1.7.2-160100.3.1       ########################################
[   11s] liblz1-1.15-160100.2.1                ########################################
[   11s] libmagic1-5.46-160100.2.1             ########################################
[   11s] file-5.46-160100.2.1                  ########################################
[   11s] librpmbuild10-4.20.1-160100.3.2       ########################################
[   11s] liblz4-1-1.10.0-160100.2.1            ########################################
[   11s] libarchive13-3.8.7-160100.2.1         ########################################
[   11s] libmpdec4-4.0.1-160100.2.1            ########################################
[   11s] python3-base-3.13.13-160100.2.1       ########################################
[   11s] python313-base-3.13.13-160100.2.1     ########################################
[   11s] libpython3_13-1_0-3.13.13-160100.2.1  ########################################
[   11s] python313-packaging-26.0-160100.2.1   ########################################
[   11s] python-rpm-packaging-20210526+a18ca48-########################################
[   11s] libnghttp2-14-1.68.1-160100.2.1       ########################################
[   11s] libpcre2-16-0-10.45-160100.3.1        ########################################
[   11s] libpcre2-32-0-10.45-160100.3.1        ########################################
[   11s] libpkgconf5-2.2.0-160100.2.1          ########################################
[   11s] pkgconf-2.2.0-160100.2.1              ########################################
[   11s] pkgconf-pkg-config-2.2.0-160100.2.1   ########################################
[   11s] xorgproto-devel-2025.1-160100.2.1     ########################################
[   11s] fribidi-devel-1.0.15-160100.2.1       ########################################
[   11s] libeconf-devel-0.7.9-160100.2.1       ########################################
[   11s] libffi-devel-3.4.6-160100.2.1         ########################################
[   11s] wayland-devel-1.24.0-160100.2.1       ########################################
[   11s] xz-devel-5.8.1-160100.2.1             ########################################
[   11s] xkeyboard-config-2.47-160100.2.1      ########################################
[   11s] libxkbcommon0-1.8.0-160100.2.1        ########################################
[   11s] libxkbcommon-devel-1.8.0-160100.2.1   ########################################
[   11s] libblkid-devel-2.42.1-160100.2.1      ########################################
[   11s] libXau-devel-1.0.12-160100.2.1        ########################################
[   11s] libxcb-devel-1.17.0-160100.2.1        ########################################
[   11s] libX11-devel-1.8.12-160100.2.1        ########################################
[   11s] libXrender-devel-0.9.12-160100.2.1    ########################################
[   11s] libXext-devel-1.3.6-160100.2.1        ########################################
[   11s] libXrandr-devel-1.5.4-160100.2.1      ########################################
[   11s] vulkan-headers-1.4.341-160100.2.1     ########################################
[   11s] vulkan-devel-1.4.341-160100.2.1       ########################################
[   11s] gsettings-desktop-schemas-devel-48.0-1########################################
[   11s] iso-codes-devel-4.16.0-160100.2.1     ########################################
[   11s] libpixman-1-0-devel-0.46.4-160100.2.1 ########################################
[   11s] libseccomp-devel-2.6.0-160100.3.1     ########################################
[   11s] libxcrypt-devel-4.4.38-160100.2.1     ########################################
[   11s] glibc-devel-2.40-160100.3.1           ########################################
[   11s] zlib-devel-1.2.13-160100.2.1          ########################################
[   11s] libpng16-devel-1.6.58-160100.2.1      ########################################
[   11s] libpng16-compat-devel-1.6.58-160100.2.########################################
[   11s] libxml2-devel-2.13.8-160100.2.1       ########################################
[   11s] libxkbregistry-devel-1.8.0-160100.2.1 ########################################
[   11s] graphite2-devel-1.3.14-160100.2.1     ########################################
[   11s] libbz2-devel-1.0.8-160100.3.1         ########################################
[   11s] libexpat-devel-2.7.4-160100.2.1       ########################################
[   11s] libsepol-devel-3.11-160100.2.1        ########################################
[   11s] libzstd-devel-1.5.7-160100.2.1        ########################################
[   11s] libstdc++6-devel-gcc13-13.4.0+git9739-########################################
[   11s] libstdc++-build-devel-13-160100.2.1   ########################################
[   11s] pcre2-devel-10.45-160100.3.1          ########################################
[   11s] libselinux-devel-3.11-160100.2.1      ########################################
[   11s] libmount-devel-2.42.1-160100.2.1      ########################################
[   11s] lzo-devel-2.10-160100.2.1             ########################################
[   11s] libdatrie-devel-0.2.13-160100.2.1     ########################################
[   11s] libthai-devel-0.1.29-160100.2.1       ########################################
[   11s] libbrotli-devel-1.1.0-160100.2.1      ########################################
[   11s] freetype2-devel-2.14.3-160100.2.1     ########################################
[   11s] fontconfig-devel-2.16.0-160100.2.1    ########################################
[   11s] libXft-devel-2.3.8-160100.2.1         ########################################
[   11s] systemd-mini-devel-257.13-160100.3.1  ########################################
[   11s] systemd-mini-257.13-160100.3.1        ########################################
[   12s] dbus-broker-36-160100.2.1             ########################################
[   12s] dbus-1-1.14.10-160100.2.1             ########################################
[   12s] gio-branding-upstream-2.84.4-160100.2.########################################
[   12s] libgio-2_0-0-2.84.4-160100.2.2        ########################################
[   12s] glib2-tools-2.84.4-160100.2.2         ########################################
[   12s] libgstreamer-1_0-0-1.28.5-160100.2.1  ########################################
[   12s] gstreamer-1.28.5-160100.2.1           ########################################
[   12s] /usr/libexec/gstreamer-1.0/gst-ptp-helper: setting to root:root 0755 "cap_net_bind_service=ep". (missing capabilities)
[   12s] typelib-1_0-Gio-2_0-2.84.4-160100.2.2 ########################################
[   12s] glib2-devel-2.84.4-160100.2.2         ########################################
[   12s] libpango-1_0-0-1.56.4-160100.2.1      ########################################
[   12s] typelib-1_0-Pango-1_0-1.56.4-160100.2.########################################
[   12s] cairo-devel-1.18.4-160100.2.1         ########################################
[   12s] libcloudproviders0-0.3.6-160100.2.1   ########################################
[   12s] libjson-glib-1_0-0-1.10.6-160100.2.1  ########################################
[   12s] libcolord2-1.4.8-160100.2.1           ########################################
[   12s] libgraphene-devel-1.10.8-160100.2.1   ########################################
[   12s] gdk-pixbuf-query-loaders-2.42.12-16010########################################
[   12s] libgdk_pixbuf-2_0-0-2.42.12-160100.2.1########################################
[   12s] typelib-1_0-GdkPixbuf-2_0-2.42.12-1601########################################
[   12s] typelib-1_0-GdkPixdata-2_0-2.42.12-160########################################
[   12s] librsvg-2-2-2.60.2-160100.2.1         ########################################
[   12s] libatspi0-2.58.7-160100.2.1           ########################################
[   12s] libatk-bridge-2_0-0-2.58.7-160100.2.1 ########################################
[   12s] libsasl2-3-2.1.28-160100.2.1          ########################################
[   12s] libldap-2-2.6.13+57-160100.2.2        ########################################
[   12s] libsbc1-1.5-160100.2.1                ########################################
[   12s] libsframe2-2.45-160100.2.1            ########################################
[   12s] libctf0-2.45-160100.2.1               ########################################
[   12s] binutils-2.45-160100.2.1              ########################################
[   13s] gcc13-13.4.0+git9739-160100.2.1       ########################################
[   13s] gcc13-PIE-13.4.0+git9739-160100.2.1   ########################################
[   13s] gcc-build-13-160100.2.1               ########################################
[   13s] debugedit-5.0-160100.2.1              ########################################
[   13s] libsharpyuv0-1.5.0-160100.2.1         ########################################
[   13s] libheif1-1.23.4-160100.1.1            ########################################
[   13s] glycin-loaders-1.2.4-160100.2.1       ########################################
[   13s] libsmartcols1-2.42.1-160100.2.1       ########################################
[   13s] util-linux-2.42.1-160100.2.1          ########################################
[   13s] libfuse3-3-3.16.2-160100.2.1          ########################################
[   13s] fuse3-3.16.2-160100.2.1               ########################################
[   13s] /usr/bin/fusermount3: setting to root:trusted 4755 (wrong permissions 4750)
[   13s] libsqlite3-0-3.53.2-160100.2.1        ########################################
[   13s] libtracker-sparql-3_0-0-3.9.2-160100.2########################################
[   13s] libstemmer1d-2.2.0-160100.2.1         ########################################
[   13s] libxmlb2-0.3.21-160100.2.1            ########################################
[   13s] libtasn1-6-4.21.0-160100.2.1          ########################################
[   13s] libgnutls30-3.8.10-160100.2.6         ########################################
[   13s] libcamera0_5-0.5.1-160100.2.1         ########################################
[   13s] pipewire-spa-plugins-0_2-1.6.8-160100.########################################
[   13s] libpipewire-0_3-0-1.6.8-160100.2.1    ########################################
[   13s] pipewire-modules-0_3-1.6.8-160100.2.1 ########################################
[   13s] libtheoradec1-1.1.1-160100.2.1        ########################################
[   13s] libgstapp-1_0-0-1.28.5-160100.2.1     ########################################
[   13s] libgstallocators-1_0-0-1.28.5-160100.2########################################
[   13s] libgsttag-1_0-0-1.28.5-160100.2.1     ########################################
[   13s] libgstaudio-1_0-0-1.28.5-160100.2.1   ########################################
[   13s] libgstvideo-1_0-0-1.28.5-160100.2.1   ########################################
[   13s] libgstgl-1_0-0-1.28.5-160100.2.1      ########################################
[   13s] libgstriff-1_0-0-1.28.5-160100.2.1    ########################################
[   13s] libgstpbutils-1_0-0-1.28.5-160100.2.1 ########################################
[   13s] gstreamer-plugins-base-1.28.5-160100.2########################################
[   13s] xdg-desktop-portal-1.20.4-160100.2.1  ########################################
[   13s] libgstplay-1_0-0-1.28.5-160100.2.1    ########################################
[   13s] libgstplayer-1_0-0-1.28.5-160100.2.1  ########################################
[   13s] libturbojpeg0-8.3.2-160100.2.1        ########################################
[   13s] libjpeg8-devel-8.3.2-160100.2.1       ########################################
[   13s] libtiff-devel-4.7.2-160100.2.1        ########################################
[   13s] gdk-pixbuf-devel-2.42.12-160100.2.1   ########################################
[   13s] libverto1-0.3.2-160100.2.1            ########################################
[   13s] krb5-mini-1.22.2-160100.2.1           ########################################
[   14s] Updating /etc/sysconfig/kadmind ...
[   14s] Updating /etc/sysconfig/krb5kdc ...
[   14s] libcups2-2.4.19-160100.3.1            ########################################
[   14s] gtk3-tools-3.24.52-160100.2.1         ########################################
[   14s] libgtk-3-0-3.24.52-160100.2.1         ########################################
[   14s] libgnome-desktop-3-20-44.3-160100.2.1 ########################################
[   14s] libgnome-desktop-3_0-common-44.3-16010########################################
[   14s] libgtk-4-1-4.18.6-160100.2.1          ########################################
[   14s] gtk4-tools-4.18.6-160100.2.1          ########################################
[   14s] adwaita-icon-theme-48.1-160100.1.1    ########################################
[   14s] typelib-1_0-Gtk-4_0-4.18.6-160100.2.1 ########################################
[   14s] libgnome-desktop-4-2-44.3-160100.2.1  ########################################
[   14s] typelib-1_0-GnomeDesktop-4_0-44.3-1601########################################
[   14s] typelib-1_0-GnomeBG-4_0-44.3-160100.2.########################################
[   14s] typelib-1_0-GnomeRR-4_0-44.3-160100.2.########################################
[   14s] gtk4-devel-tools-4.18.6-160100.2.1    ########################################
[   14s] libssh4-0.11.5-160100.3.1             ########################################
[   14s] libcurl4-8.21.0-160100.2.1            ########################################
[   14s] libappstream5-1.0.5-160100.2.1        ########################################
[   14s] libadwaita-1-0-1.7.5-160100.2.1       ########################################
[   14s] typelib-1_0-Adw-1-1.7.5-160100.2.1    ########################################
[   14s] AppStream-1.0.5-160100.2.1            ########################################
[   14s] AppStream-devel-1.0.5-160100.2.1      ########################################
[   14s] patch-2.7.6-160100.2.1                ########################################
[   14s] timezone-2026c-160100.3.1             ########################################
[   14s] libicu77-77.1-160100.2.1              ########################################
[   14s] libharfbuzz-icu0-12.3.1-160100.2.1    ########################################
[   14s] libicu-devel-77.1-160100.2.1          ########################################
[   14s] harfbuzz-devel-12.3.1-160100.2.1      ########################################
[   14s] pango-devel-1.56.4-160100.2.1         ########################################
[   14s] gtk4-devel-4.18.6-160100.2.1          ########################################
[   14s] which-2.23-160100.2.1                 ########################################
[   14s] rpm-build-4.20.1-160100.3.2           ########################################
[   14s] libadwaita-devel-1.7.5-160100.2.1     ########################################
[   14s] libgnome-desktop-4-devel-44.3-160100.2########################################
[   14s] xdg-desktop-portal-gtk-1.15.3-160100.2########################################
[   14s] xdg-desktop-portal-devel-1.20.4-160100########################################
[   14s] gcc-build-PIE-13-160100.2.1           ########################################
[   14s] dbus-1-devel-1.14.10-160100.2.1       ########################################
[   14s] meson-1.8.1-160100.2.1                ########################################
[   14s] build-compare-20240801T083050.024a3a7-########################################
[   14s] post-build-checks-84.87+git20250725.0c########################################
[   14s] rpmlint-mini-2.7.0+git20260429.56a0c16########################################
[   14s] brp-check-suse-84.87+git20230324.8680c########################################
[   14s] compat-usrmerge-build-84.87-160100.2.2########################################
[   15s] attr-2.5.2-160100.2.1                 ########################################
[   15s] zstd-1.5.7-160100.2.1                 ########################################
[   15s] build-mkbaselibs-20260415-160100.2.2  ########################################
[   15s] libdb-4_8-4.8.30-160100.2.1           ########################################
[   15s] kernel-obs-build-6.12.0-160100.5.1    ########################################
[   16s] now finalizing build dir...
[   16s] ... running 01-add_abuild_user_to_trusted_group
[   16s] ... running 02-set_timezone_to_utc
[   16s] ... running 03-set-permissions-secure
[   16s] ... running 11-hack_uname_version_to_kernel_version
[   16s] WARNING could not set SOURCE_DATE_EPOCH, ensure mtime is in $TOPDIR/SOURCES/_scmsync.obsinfo or BUILD_CHANGELOG_TIMESTAMP is set in /.buildenv
[   16s] WARNING could not set SOURCE_DATE_EPOCH, ensure BUILD_RELEASE is set in /.buildenv
[   17s] -----------------------------------------------------------------
[   17s] I have the following modifications for xdg-desktop-portal-gnome.spec:
[   17s] 22c22
[   17s] < Release:        160100.2.1.lyra1.<CI_CNT>.<B_CNT>
[   17s] ---
[   17s] > Release:        160100.2.1.lyra1.160101.1
[   17s] -----------------------------------------------------------------
[   17s] ----- building xdg-desktop-portal-gnome.spec (user abuild)
[   17s] -----------------------------------------------------------------
[   17s] -----------------------------------------------------------------
[   17s] WARNING could not set SOURCE_DATE_EPOCH, ensure mtime is in $TOPDIR/SOURCES/_scmsync.obsinfo or BUILD_CHANGELOG_TIMESTAMP is set in /.buildenv
[   17s] WARNING could not set SOURCE_DATE_EPOCH, ensure BUILD_RELEASE is set in /.buildenv
[   17s] + exec rpmbuild -ba --define '_srcdefattr (-,root,root)' --nosignature --undefine _enable_debug_packages --define 'disturl obs://build.opensuse.org/home:rodrigosbrito:lyra:staging/openSUSE_Leap_16.1/077471ed2335bc96dcb5b43fef6e1334-xdg-desktop-portal-gnome' /home/abuild/rpmbuild/SOURCES/xdg-desktop-portal-gnome.spec
[   17s] Executing(%mkbuilddir): /usr/bin/bash -e /var/tmp/rpm-tmp.Qnh0F6
[   17s] Executing(%prep): /usr/bin/bash -e /var/tmp/rpm-tmp.5tTjId
[   17s] + umask 022
[   17s] + cd /home/abuild/rpmbuild/BUILD/xdg-desktop-portal-gnome-48.0-build
[   17s] + cd /home/abuild/rpmbuild/BUILD/xdg-desktop-portal-gnome-48.0-build
[   17s] + rm -rf xdg-desktop-portal-gnome-48.0
[   17s] + /usr/lib/rpm/rpmuncompress -x /home/abuild/rpmbuild/SOURCES/xdg-desktop-portal-gnome-48.0.tar.zst
[   17s] + STATUS=0
[   17s] + '[' 0 -ne 0 ']'
[   17s] + cd xdg-desktop-portal-gnome-48.0
[   17s] + /usr/bin/chmod -Rf a+rX,u+w,g-w,o-w .
[   17s] + /usr/lib/rpm/rpmuncompress /home/abuild/rpmbuild/SOURCES/globalshortcuts-success.patch
[   17s] + /usr/bin/patch -p1 -s --fuzz=0 --no-backup-if-mismatch -f
[   17s] + pushd subprojects
[   17s] ~/rpmbuild/BUILD/xdg-desktop-portal-gnome-48.0-build/xdg-desktop-portal-gnome-48.0/subprojects ~/rpmbuild/BUILD/xdg-desktop-portal-gnome-48.0-build/xdg-desktop-portal-gnome-48.0
[   17s] + tar xf /home/abuild/rpmbuild/SOURCES/libgxdp-0.gitmodule.tar.zst
[   17s] + mv libgxdp-0.gitmodule libgxdp
[   17s] + popd
[   17s] ~/rpmbuild/BUILD/xdg-desktop-portal-gnome-48.0-build/xdg-desktop-portal-gnome-48.0
[   17s] + RPM_EC=0
[   17s] ++ jobs -p
[   17s] + exit 0
[   17s] Executing(%build): /usr/bin/bash -e /var/tmp/rpm-tmp.nnfDQ1
[   17s] + umask 022
[   17s] + cd /home/abuild/rpmbuild/BUILD/xdg-desktop-portal-gnome-48.0-build
[   17s] + /usr/bin/rm -rf /home/abuild/rpmbuild/BUILD/xdg-desktop-portal-gnome-48.0-build/BUILDROOT
[   17s] ++ dirname /home/abuild/rpmbuild/BUILD/xdg-desktop-portal-gnome-48.0-build/BUILDROOT
[   17s] + /usr/bin/mkdir -p /home/abuild/rpmbuild/BUILD/xdg-desktop-portal-gnome-48.0-build
[   17s] + /usr/bin/mkdir /home/abuild/rpmbuild/BUILD/xdg-desktop-portal-gnome-48.0-build/BUILDROOT
[   17s] + cd xdg-desktop-portal-gnome-48.0
[   17s] + CONFIG_SHELL=/usr/bin/bash
[   17s] + export CONFIG_SHELL
[   17s] + CFLAGS='-O2 -Wall -U_FORTIFY_SOURCE -D_FORTIFY_SOURCE=3 -fstack-protector-strong -funwind-tables -fasynchronous-unwind-tables -fstack-clash-protection -Werror=return-type -flto=auto'
[   17s] + export CFLAGS
[   17s] + CXXFLAGS='-O2 -Wall -U_FORTIFY_SOURCE -D_FORTIFY_SOURCE=3 -fstack-protector-strong -funwind-tables -fasynchronous-unwind-tables -fstack-clash-protection -Werror=return-type -flto=auto'
[   17s] + export CXXFLAGS
[   17s] + FFLAGS='-O2 -Wall -U_FORTIFY_SOURCE -D_FORTIFY_SOURCE=3 -fstack-protector-strong -funwind-tables -fasynchronous-unwind-tables -fstack-clash-protection -Werror=return-type -flto=auto '
[   17s] + export FFLAGS
[   17s] + FCFLAGS='-O2 -Wall -U_FORTIFY_SOURCE -D_FORTIFY_SOURCE=3 -fstack-protector-strong -funwind-tables -fasynchronous-unwind-tables -fstack-clash-protection -Werror=return-type -flto=auto '
[   17s] + export FCFLAGS
[   17s] + LDFLAGS=-flto=auto
[   17s] + export LDFLAGS
[   17s] + /usr/bin/meson setup --buildtype=plain --prefix=/usr --libdir=/usr/lib64 --libexecdir=/usr/libexec --bindir=/usr/bin --sbindir=/usr/sbin --includedir=/usr/include --datadir=/usr/share --mandir=/usr/share/man --infodir=/usr/share/info --localedir=/usr/share/locale --sysconfdir=/etc --localstatedir=/var --sharedstatedir=/var/lib --wrap-mode=nodownload --auto-features=enabled . x86_64-suse-linux
[   18s] The Meson build system
[   18s] Version: 1.8.1
[   18s] Source dir: /home/abuild/rpmbuild/BUILD/xdg-desktop-portal-gnome-48.0-build/xdg-desktop-portal-gnome-48.0
[   18s] Build dir: /home/abuild/rpmbuild/BUILD/xdg-desktop-portal-gnome-48.0-build/xdg-desktop-portal-gnome-48.0/x86_64-suse-linux
[   18s] Build type: native build
[   18s] Project name: xdg-desktop-portal-gnome
[   18s] Project version: 48.0
[   18s] C compiler for the host machine: cc (gcc 13.4.0 "cc (SUSE Linux) 13.4.0")
[   18s] C linker for the host machine: cc ld.bfd 2.45.0.20251103-1601002
[   18s] Host machine cpu family: x86_64
[   18s] Host machine cpu: x86_64
[   18s]
[   18s] Executing subproject libgxdp
[   18s]
[   18s] libgxdp| Project name: libgxdp
[   18s] libgxdp| Project version: 48.alpha
[   18s] libgxdp| C compiler for the host machine: cc (gcc 13.4.0 "cc (SUSE Linux) 13.4.0")
[   18s] libgxdp| C linker for the host machine: cc ld.bfd 2.45.0.20251103-1601002
[   18s] libgxdp| Found pkg-config: YES (/usr/bin/pkg-config) 2.2.0
[   18s] libgxdp| Run-time dependency gtk4 found: YES 4.18.6
[   18s] libgxdp| Run-time dependency gtk4-wayland found: YES 4.18.6
[   18s] libgxdp| Program wayland-scanner found: YES (/usr/bin/wayland-scanner)
[   18s] libgxdp| Build-time dependency gio-2.0 found: YES 2.84.4
[   18s] libgxdp| Program /usr/bin/gdbus-codegen found: YES (/usr/bin/gdbus-codegen)
[   18s] libgxdp| Run-time dependency wayland-client found: YES 1.24.0
[   18s] libgxdp| Run-time dependency gtk4-x11 found: YES 4.18.6
[   18s] libgxdp| Run-time dependency x11 found: YES 1.8.12
[   18s] libgxdp| Configuring gxdp-config.h using configuration
[   18s] libgxdp| Build targets in project: 4
[   18s] libgxdp| Subproject libgxdp finished.
[   18s]
[   18s] Run-time dependency systemd found: YES 257
[   18s] Configuring gnome.portal using configuration
[   18s] Configuring org.freedesktop.impl.portal.desktop.gnome.service using configuration
[   18s] Configuring xdg-desktop-portal-gnome.service using configuration
[   18s] Configuring xdg-desktop-portal-gnome.desktop.in using configuration
[   18s] Program msgfmt found: YES (/usr/bin/msgfmt)
[   18s] Program msginit found: YES (/usr/bin/msginit)
[   18s] Program msgmerge found: YES (/usr/bin/msgmerge)
[   18s] Program xgettext found: YES (/usr/bin/xgettext)
[   18s] Run-time dependency xdg-desktop-portal found: YES 1.20.4
[   18s] Dependency gio-2.0 found: YES 2.84.4 (cached)
[   18s] Program /usr/bin/gdbus-codegen found: YES (/usr/bin/gdbus-codegen)
[   18s] Dependency gio-2.0 found: YES 2.84.4 (cached)
[   18s] Program /usr/bin/gdbus-codegen found: YES (/usr/bin/gdbus-codegen)
[   18s] Dependency gio-2.0 found: YES 2.84.4 (cached)
[   18s] Program /usr/bin/glib-compile-resources found: YES (/usr/bin/glib-compile-resources)
[   18s] Configuring config.h using configuration
[   18s] Run-time dependency libadwaita-1 found: YES 1.7.5
[   18s] Library m found: YES
[   18s] Run-time dependency fontconfig found: YES 2.16.0
[   18s] Run-time dependency glib-2.0 found: YES 2.84.4
[   18s] Run-time dependency gio-unix-2.0 found: YES 2.84.4
[   18s] Dependency gtk4 found: YES 4.18.6 (cached)
[   18s] Run-time dependency gtk4-unix-print found: YES 4.18.6
[   18s] Run-time dependency gsettings-desktop-schemas found: YES 48.0
[   18s] Run-time dependency gnome-desktop-4 found: YES 44.3
[   18s] Run-time dependency gnome-bg-4 found: YES 44.3
[   18s] Dependency libgxdp found: YES 48.alpha (overridden)
[   18s] Dependency gio-2.0 found: YES 2.84.4 (cached)
[   18s] Program /usr/bin/glib-compile-schemas found: YES (/usr/bin/glib-compile-schemas)
[   18s] Build targets in project: 69
[   18s]
[   18s] xdg-desktop-portal-gnome 48.0
[   18s]
[   18s]     prefix            : /usr
[   18s]     datadir           : share
[   18s]     libdir            : lib64
[   18s]     libexecdir        : libexec
[   18s]     dbus_service_dir  : share/dbus-1/services
[   18s]
[   18s]   systemd session service
[   18s]     systemd-service   : enabled
[   18s]     systemduserunitdir: /usr/lib/systemd/user
[   18s]
[   18s]   Subprojects
[   18s]     libgxdp           : YES
[   18s]
[   18s]   User defined options
[   18s]     auto_features     : enabled
[   18s]     bindir            : /usr/bin
[   18s]     buildtype         : plain
[   18s]     datadir           : /usr/share
[   18s]     includedir        : /usr/include
[   18s]     infodir           : /usr/share/info
[   18s]     libdir            : /usr/lib64
[   18s]     libexecdir        : /usr/libexec
[   18s]     localedir         : /usr/share/locale
[   18s]     localstatedir     : /var
[   18s]     mandir            : /usr/share/man
[   18s]     prefix            : /usr
[   18s]     sbindir           : /usr/sbin
[   18s]     sharedstatedir    : /var/lib
[   18s]     sysconfdir        : /etc
[   18s]     wrap_mode         : nodownload
[   18s]
[   18s] Found ninja-1.12.1 at /usr/bin/ninja
[   18s] + /usr/bin/meson compile -C x86_64-suse-linux -j4 --verbose
[   18s] ninja: Entering directory `/home/abuild/rpmbuild/BUILD/xdg-desktop-portal-gnome-48.0-build/xdg-desktop-portal-gnome-48.0/x86_64-suse-linux'
[   18s] [1/115] /usr/bin/wayland-scanner client-header /home/abuild/rpmbuild/BUILD/xdg-desktop-portal-gnome-48.0-build/xdg-desktop-portal-gnome-48.0/subprojects/libgxdp/data/mutter-x11-interop.xml subprojects/libgxdp/src/mutter-x11-interop-client-protocol.h
[   18s] [2/115] /usr/bin/wayland-scanner private-code /home/abuild/rpmbuild/BUILD/xdg-desktop-portal-gnome-48.0-build/xdg-desktop-portal-gnome-48.0/subprojects/libgxdp/data/mutter-x11-interop.xml subprojects/libgxdp/src/mutter-x11-interop-protocol.c
[   18s] [3/115] /usr/bin/gdbus-codegen --c-generate-autocleanup all --interface-prefix org.gnome. --c-namespace GxdpDBus --header --output subprojects/libgxdp/src/gxdp-dbus.h /home/abuild/rpmbuild/BUILD/xdg-desktop-portal-gnome-48.0-build/xdg-desktop-portal-gnome-48.0/subprojects/libgxdp/data/org.gnome.Mutter.ServiceChannel.xml
[   18s] [4/115] /usr/bin/gdbus-codegen --c-generate-autocleanup all --interface-prefix org.gnome. --c-namespace GxdpDBus --body --output subprojects/libgxdp/src/gxdp-dbus.c /home/abuild/rpmbuild/BUILD/xdg-desktop-portal-gnome-48.0-build/xdg-desktop-portal-gnome-48.0/subprojects/libgxdp/data/org.gnome.Mutter.ServiceChannel.xml
[   18s] [5/115] /usr/bin/gdbus-codegen --c-generate-autocleanup all --interface-prefix org.freedesktop.impl.portal. --c-namespace XdpImpl --header --output src/xdg-desktop-portal-dbus.h /usr/share/dbus-1/interfaces/org.freedesktop.impl.portal.Access.xml /usr/share/dbus-1/interfaces/org.freedesktop.impl.portal.Account.xml /usr/share/dbus-1/interfaces/org.freedesktop.impl.portal.AppChooser.xml /usr/share/dbus-1/interfaces/org.freedesktop.impl.portal.Background.xml /usr/share/dbus-1/interfaces/org.freedesktop.impl.portal.Clipboard.xml /usr/share/dbus-1/interfaces/org.freedesktop.impl.portal.DynamicLauncher.xml /usr/share/dbus-1/interfaces/org.freedesktop.impl.portal.FileChooser.xml /usr/share/dbus-1/interfaces/org.freedesktop.impl.portal.GlobalShortcuts.xml /usr/share/dbus-1/interfaces/org.freedesktop.impl.portal.InputCapture.xml /usr/share/dbus-1/interfaces/org.freedesktop.impl.portal.Lockdown.xml /usr/share/dbus-1/interfaces/org.freedesktop.impl.portal.Notification.xml /usr/share/dbus-1/interfaces/org.freedesktop.impl.portal.Print.xml /usr/share/dbus-1/interfaces/org.freedesktop.impl.portal.RemoteDesktop.xml /usr/share/dbus-1/interfaces/org.freedesktop.impl.portal.ScreenCast.xml /usr/share/dbus-1/interfaces/org.freedesktop.impl.portal.Screenshot.xml /usr/share/dbus-1/interfaces/org.freedesktop.impl.portal.Settings.xml /usr/share/dbus-1/interfaces/org.freedesktop.impl.portal.Usb.xml /usr/share/dbus-1/interfaces/org.freedesktop.impl.portal.Wallpaper.xml /usr/share/dbus-1/interfaces/org.freedesktop.impl.portal.Request.xml /usr/share/dbus-1/interfaces/org.freedesktop.impl.portal.Session.xml
[   18s] [6/115] /usr/bin/glib-compile-resources ../src/xdg-desktop-portal-gnome.gresource.xml --sourcedir ../src --c-name _xdg_desktop --internal --generate --target src/xdg-desktop-portal-gnome-resources.c --dependency-file src/xdg-desktop-portal-gnome-resources.c.d
[   18s] [7/115] /usr/bin/glib-compile-resources ../src/xdg-desktop-portal-gnome.gresource.xml --sourcedir ../src --c-name _xdg_desktop --internal --generate --target src/xdg-desktop-portal-gnome-resources.h
[   18s] [8/115] /usr/bin/gdbus-codegen --c-generate-autocleanup all --interface-prefix org.freedesktop.impl.portal. --c-namespace XdpImpl --body --output src/xdg-desktop-portal-dbus.c /usr/share/dbus-1/interfaces/org.freedesktop.impl.portal.Access.xml /usr/share/dbus-1/interfaces/org.freedesktop.impl.portal.Account.xml /usr/share/dbus-1/interfaces/org.freedesktop.impl.portal.AppChooser.xml /usr/share/dbus-1/interfaces/org.freedesktop.impl.portal.Background.xml /usr/share/dbus-1/interfaces/org.freedesktop.impl.portal.Clipboard.xml /usr/share/dbus-1/interfaces/org.freedesktop.impl.portal.DynamicLauncher.xml /usr/share/dbus-1/interfaces/org.freedesktop.impl.portal.FileChooser.xml /usr/share/dbus-1/interfaces/org.freedesktop.impl.portal.GlobalShortcuts.xml /usr/share/dbus-1/interfaces/org.freedesktop.impl.portal.InputCapture.xml /usr/share/dbus-1/interfaces/org.freedesktop.impl.portal.Lockdown.xml /usr/share/dbus-1/interfaces/org.freedesktop.impl.portal.Notification.xml /usr/share/dbus-1/interfaces/org.freedesktop.impl.portal.Print.xml /usr/share/dbus-1/interfaces/org.freedesktop.impl.portal.RemoteDesktop.xml /usr/share/dbus-1/interfaces/org.freedesktop.impl.portal.ScreenCast.xml /usr/share/dbus-1/interfaces/org.freedesktop.impl.portal.Screenshot.xml /usr/share/dbus-1/interfaces/org.freedesktop.impl.portal.Settings.xml /usr/share/dbus-1/interfaces/org.freedesktop.impl.portal.Usb.xml /usr/share/dbus-1/interfaces/org.freedesktop.impl.portal.Wallpaper.xml /usr/share/dbus-1/interfaces/org.freedesktop.impl.portal.Request.xml /usr/share/dbus-1/interfaces/org.freedesktop.impl.portal.Session.xml
[   18s] [9/115] /usr/bin/msgfmt -o po/ab/LC_MESSAGES/xdg-desktop-portal-gnome.mo ../po/ab.po
[   18s] [10/115] /usr/bin/msgfmt -o po/ar/LC_MESSAGES/xdg-desktop-portal-gnome.mo ../po/ar.po
[   18s] [11/115] /usr/bin/msgfmt -o po/be/LC_MESSAGES/xdg-desktop-portal-gnome.mo ../po/be.po
[   18s] [12/115] /usr/bin/msgfmt -o po/bg/LC_MESSAGES/xdg-desktop-portal-gnome.mo ../po/bg.po
[   18s] [13/115] /usr/bin/msgfmt -o po/ca/LC_MESSAGES/xdg-desktop-portal-gnome.mo ../po/ca.po
[   18s] [14/115] /usr/bin/msgfmt -o po/cs/LC_MESSAGES/xdg-desktop-portal-gnome.mo ../po/cs.po
[   18s] [15/115] /usr/bin/msgfmt -o po/da/LC_MESSAGES/xdg-desktop-portal-gnome.mo ../po/da.po
[   18s] [16/115] /usr/bin/msgfmt -o po/de/LC_MESSAGES/xdg-desktop-portal-gnome.mo ../po/de.po
[   18s] [17/115] /usr/bin/msgfmt -o po/el/LC_MESSAGES/xdg-desktop-portal-gnome.mo ../po/el.po
[   18s] [18/115] /usr/bin/msgfmt -o po/en_GB/LC_MESSAGES/xdg-desktop-portal-gnome.mo ../po/en_GB.po
[   18s] [19/115] /usr/bin/msgfmt -o po/eo/LC_MESSAGES/xdg-desktop-portal-gnome.mo ../po/eo.po
[   18s] [20/115] /usr/bin/msgfmt -o po/es/LC_MESSAGES/xdg-desktop-portal-gnome.mo ../po/es.po
[   18s] [21/115] /usr/bin/msgfmt -o po/eu/LC_MESSAGES/xdg-desktop-portal-gnome.mo ../po/eu.po
[   18s] [22/115] /usr/bin/msgfmt -o po/fa/LC_MESSAGES/xdg-desktop-portal-gnome.mo ../po/fa.po
[   18s] [23/115] /usr/bin/msgfmt -o po/fi/LC_MESSAGES/xdg-desktop-portal-gnome.mo ../po/fi.po
[   18s] [24/115] /usr/bin/msgfmt -o po/fil/LC_MESSAGES/xdg-desktop-portal-gnome.mo ../po/fil.po
[   18s] [25/115] /usr/bin/msgfmt -o po/fr/LC_MESSAGES/xdg-desktop-portal-gnome.mo ../po/fr.po
[   18s] [26/115] /usr/bin/gdbus-codegen --c-generate-autocleanup all --interface-prefix org.freedesktop.impl.portal. --header --output src/shell-dbus.h /home/abuild/rpmbuild/BUILD/xdg-desktop-portal-gnome-48.0-build/xdg-desktop-portal-gnome-48.0/data/org.freedesktop.Accounts.User.xml /home/abuild/rpmbuild/BUILD/xdg-desktop-portal-gnome-48.0-build/xdg-desktop-portal-gnome-48.0/data/org.freedesktop.Accounts.xml /home/abuild/rpmbuild/BUILD/xdg-desktop-portal-gnome-48.0-build/xdg-desktop-portal-gnome-48.0/data/org.gnome.Mutter.DisplayConfig.xml /home/abuild/rpmbuild/BUILD/xdg-desktop-portal-gnome-48.0-build/xdg-desktop-portal-gnome-48.0/data/org.gnome.Mutter.InputCapture.xml /home/abuild/rpmbuild/BUILD/xdg-desktop-portal-gnome-48.0-build/xdg-desktop-portal-gnome-48.0/data/org.gnome.Mutter.RemoteDesktop.xml /home/abuild/rpmbuild/BUILD/xdg-desktop-portal-gnome-48.0-build/xdg-desktop-portal-gnome-48.0/data/org.gnome.Mutter.ScreenCast.xml /home/abuild/rpmbuild/BUILD/xdg-desktop-portal-gnome-48.0-build/xdg-desktop-portal-gnome-48.0/data/org.gnome.Shell.Introspect.xml /home/abuild/rpmbuild/BUILD/xdg-desktop-portal-gnome-48.0-build/xdg-desktop-portal-gnome-48.0/data/org.gnome.Shell.Screenshot.xml /home/abuild/rpmbuild/BUILD/xdg-desktop-portal-gnome-48.0-build/xdg-desktop-portal-gnome-48.0/data/org.gtk.Notifications.xml /home/abuild/rpmbuild/BUILD/xdg-desktop-portal-gnome-48.0-build/xdg-desktop-portal-gnome-48.0/data/org.gnome.Shell.xml /home/abuild/rpmbuild/BUILD/xdg-desktop-portal-gnome-48.0-build/xdg-desktop-portal-gnome-48.0/data/org.gnome.GlobalShortcutsProvider.xml /home/abuild/rpmbuild/BUILD/xdg-desktop-portal-gnome-48.0-build/xdg-desktop-portal-gnome-48.0/data/org.gnome.GlobalShortcutsRebind.xml
[   18s] [27/115] /usr/bin/msgfmt -o po/fur/LC_MESSAGES/xdg-desktop-portal-gnome.mo ../po/fur.po
[   19s] [28/115] /usr/bin/gdbus-codegen --c-generate-autocleanup all --interface-prefix org.freedesktop.impl.portal. --body --output src/shell-dbus.c /home/abuild/rpmbuild/BUILD/xdg-desktop-portal-gnome-48.0-build/xdg-desktop-portal-gnome-48.0/data/org.freedesktop.Accounts.User.xml /home/abuild/rpmbuild/BUILD/xdg-desktop-portal-gnome-48.0-build/xdg-desktop-portal-gnome-48.0/data/org.freedesktop.Accounts.xml /home/abuild/rpmbuild/BUILD/xdg-desktop-portal-gnome-48.0-build/xdg-desktop-portal-gnome-48.0/data/org.gnome.Mutter.DisplayConfig.xml /home/abuild/rpmbuild/BUILD/xdg-desktop-portal-gnome-48.0-build/xdg-desktop-portal-gnome-48.0/data/org.gnome.Mutter.InputCapture.xml /home/abuild/rpmbuild/BUILD/xdg-desktop-portal-gnome-48.0-build/xdg-desktop-portal-gnome-48.0/data/org.gnome.Mutter.RemoteDesktop.xml /home/abuild/rpmbuild/BUILD/xdg-desktop-portal-gnome-48.0-build/xdg-desktop-portal-gnome-48.0/data/org.gnome.Mutter.ScreenCast.xml /home/abuild/rpmbuild/BUILD/xdg-desktop-portal-gnome-48.0-build/xdg-desktop-portal-gnome-48.0/data/org.gnome.Shell.Introspect.xml /home/abuild/rpmbuild/BUILD/xdg-desktop-portal-gnome-48.0-build/xdg-desktop-portal-gnome-48.0/data/org.gnome.Shell.Screenshot.xml /home/abuild/rpmbuild/BUILD/xdg-desktop-portal-gnome-48.0-build/xdg-desktop-portal-gnome-48.0/data/org.gtk.Notifications.xml /home/abuild/rpmbuild/BUILD/xdg-desktop-portal-gnome-48.0-build/xdg-desktop-portal-gnome-48.0/data/org.gnome.Shell.xml /home/abuild/rpmbuild/BUILD/xdg-desktop-portal-gnome-48.0-build/xdg-desktop-portal-gnome-48.0/data/org.gnome.GlobalShortcutsProvider.xml /home/abuild/rpmbuild/BUILD/xdg-desktop-portal-gnome-48.0-build/xdg-desktop-portal-gnome-48.0/data/org.gnome.GlobalShortcutsRebind.xml
[   19s] [29/115] /usr/bin/meson --internal msgfmthelper --msgfmt=/usr/bin/msgfmt data/xdg-desktop-portal-gnome.desktop.in data/xdg-desktop-portal-gnome.desktop desktop /home/abuild/rpmbuild/BUILD/xdg-desktop-portal-gnome-48.0-build/xdg-desktop-portal-gnome-48.0/po
[   19s] [30/115] cc -Isrc/xdg-desktop-portal-gnome.p -Isrc -I../src -Isubprojects/libgxdp/src -I../subprojects/libgxdp/src -I/usr/include/freetype2 -I/usr/include/glib-2.0 -I/usr/lib64/glib-2.0/include -I/usr/include/gio-unix-2.0 -I/usr/include/libmount -I/usr/include/blkid -I/usr/include/gtk-4.0 -I/usr/include/pango-1.0 -I/usr/include/fribidi -I/usr/include/harfbuzz -I/usr/include/gdk-pixbuf-2.0 -I/usr/include/cairo -I/usr/include/libpng16 -I/usr/include/pixman-1 -I/usr/include/graphene-1.0 -I/usr/lib64/graphene-1.0/include -I/usr/include/libxkbcommon -I/usr/include/wayland -I/usr/include/gtk-4.0/unix-print -I/usr/include/gsettings-desktop-schemas -I/usr/include/gnome-desktop-4.0 -I/usr/include/libxml2 -I/usr/include/libseccomp -I/usr/include/libadwaita-1 -I/usr/include/appstream -fdiagnostics-color=always -D_FILE_OFFSET_BITS=64 -Wall -Winvalid-pch -O2 -Wall -U_FORTIFY_SOURCE -D_FORTIFY_SOURCE=3 -fstack-protector-strong -funwind-tables -fasynchronous-unwind-tables -fstack-clash-protection -Werror=return-type -flto=auto -mfpmath=sse -msse -msse2 -pthread -mfpmath=sse -msse -msse2 -mfpmath=sse -msse -msse2 -mfpmath=sse -msse -msse2 -mfpmath=sse -msse -msse2 -mfpmath=sse -msse -msse2 -MD -MQ src/xdg-desktop-portal-gnome.p/meson-generated_.._xdg-desktop-portal-gnome-resources.c.o -MF src/xdg-desktop-portal-gnome.p/meson-generated_.._xdg-desktop-portal-gnome-resources.c.o.d -o src/xdg-desktop-portal-gnome.p/meson-generated_.._xdg-desktop-portal-gnome-resources.c.o -c src/xdg-desktop-portal-gnome-resources.c
[   19s] [31/115] cc -Isrc/xdg-desktop-portal-gnome.p -Isrc -I../src -Isubprojects/libgxdp/src -I../subprojects/libgxdp/src -I/usr/include/freetype2 -I/usr/include/glib-2.0 -I/usr/lib64/glib-2.0/include -I/usr/include/gio-unix-2.0 -I/usr/include/libmount -I/usr/include/blkid -I/usr/include/gtk-4.0 -I/usr/include/pango-1.0 -I/usr/include/fribidi -I/usr/include/harfbuzz -I/usr/include/gdk-pixbuf-2.0 -I/usr/include/cairo -I/usr/include/libpng16 -I/usr/include/pixman-1 -I/usr/include/graphene-1.0 -I/usr/lib64/graphene-1.0/include -I/usr/include/libxkbcommon -I/usr/include/wayland -I/usr/include/gtk-4.0/unix-print -I/usr/include/gsettings-desktop-schemas -I/usr/include/gnome-desktop-4.0 -I/usr/include/libxml2 -I/usr/include/libseccomp -I/usr/include/libadwaita-1 -I/usr/include/appstream -fdiagnostics-color=always -D_FILE_OFFSET_BITS=64 -Wall -Winvalid-pch -O2 -Wall -U_FORTIFY_SOURCE -D_FORTIFY_SOURCE=3 -fstack-protector-strong -funwind-tables -fasynchronous-unwind-tables -fstack-clash-protection -Werror=return-type -flto=auto -mfpmath=sse -msse -msse2 -pthread -mfpmath=sse -msse -msse2 -mfpmath=sse -msse -msse2 -mfpmath=sse -msse -msse2 -mfpmath=sse -msse -msse2 -mfpmath=sse -msse -msse2 -MD -MQ src/xdg-desktop-portal-gnome.p/meson-generated_.._.._subprojects_libgxdp_src_mutter-x11-interop-protocol.c.o -MF src/xdg-desktop-portal-gnome.p/meson-generated_.._.._subprojects_libgxdp_src_mutter-x11-interop-protocol.c.o.d -o src/xdg-desktop-portal-gnome.p/meson-generated_.._.._subprojects_libgxdp_src_mutter-x11-interop-protocol.c.o -c subprojects/libgxdp/src/mutter-x11-interop-protocol.c
[   19s] [32/115] cc -Isrc/xdg-desktop-portal-gnome.p -Isrc -I../src -Isubprojects/libgxdp/src -I../subprojects/libgxdp/src -I/usr/include/freetype2 -I/usr/include/glib-2.0 -I/usr/lib64/glib-2.0/include -I/usr/include/gio-unix-2.0 -I/usr/include/libmount -I/usr/include/blkid -I/usr/include/gtk-4.0 -I/usr/include/pango-1.0 -I/usr/include/fribidi -I/usr/include/harfbuzz -I/usr/include/gdk-pixbuf-2.0 -I/usr/include/cairo -I/usr/include/libpng16 -I/usr/include/pixman-1 -I/usr/include/graphene-1.0 -I/usr/lib64/graphene-1.0/include -I/usr/include/libxkbcommon -I/usr/include/wayland -I/usr/include/gtk-4.0/unix-print -I/usr/include/gsettings-desktop-schemas -I/usr/include/gnome-desktop-4.0 -I/usr/include/libxml2 -I/usr/include/libseccomp -I/usr/include/libadwaita-1 -I/usr/include/appstream -fdiagnostics-color=always -D_FILE_OFFSET_BITS=64 -Wall -Winvalid-pch -O2 -Wall -U_FORTIFY_SOURCE -D_FORTIFY_SOURCE=3 -fstack-protector-strong -funwind-tables -fasynchronous-unwind-tables -fstack-clash-protection -Werror=return-type -flto=auto -mfpmath=sse -msse -msse2 -pthread -mfpmath=sse -msse -msse2 -mfpmath=sse -msse -msse2 -mfpmath=sse -msse -msse2 -mfpmath=sse -msse -msse2 -mfpmath=sse -msse -msse2 -MD -MQ src/xdg-desktop-portal-gnome.p/meson-generated_.._.._subprojects_libgxdp_src_gxdp-dbus.c.o -MF src/xdg-desktop-portal-gnome.p/meson-generated_.._.._subprojects_libgxdp_src_gxdp-dbus.c.o.d -o src/xdg-desktop-portal-gnome.p/meson-generated_.._.._subprojects_libgxdp_src_gxdp-dbus.c.o -c subprojects/libgxdp/src/gxdp-dbus.c
[   19s] [33/115] cc -Isrc/xdg-desktop-portal-gnome.p -Isrc -I../src -Isubprojects/libgxdp/src -I../subprojects/libgxdp/src -I/usr/include/freetype2 -I/usr/include/glib-2.0 -I/usr/lib64/glib-2.0/include -I/usr/include/gio-unix-2.0 -I/usr/include/libmount -I/usr/include/blkid -I/usr/include/gtk-4.0 -I/usr/include/pango-1.0 -I/usr/include/fribidi -I/usr/include/harfbuzz -I/usr/include/gdk-pixbuf-2.0 -I/usr/include/cairo -I/usr/include/libpng16 -I/usr/include/pixman-1 -I/usr/include/graphene-1.0 -I/usr/lib64/graphene-1.0/include -I/usr/include/libxkbcommon -I/usr/include/wayland -I/usr/include/gtk-4.0/unix-print -I/usr/include/gsettings-desktop-schemas -I/usr/include/gnome-desktop-4.0 -I/usr/include/libxml2 -I/usr/include/libseccomp -I/usr/include/libadwaita-1 -I/usr/include/appstream -fdiagnostics-color=always -D_FILE_OFFSET_BITS=64 -Wall -Winvalid-pch -O2 -Wall -U_FORTIFY_SOURCE -D_FORTIFY_SOURCE=3 -fstack-protector-strong -funwind-tables -fasynchronous-unwind-tables -fstack-clash-protection -Werror=return-type -flto=auto -mfpmath=sse -msse -msse2 -pthread -mfpmath=sse -msse -msse2 -mfpmath=sse -msse -msse2 -mfpmath=sse -msse -msse2 -mfpmath=sse -msse -msse2 -mfpmath=sse -msse -msse2 -MD -MQ src/xdg-desktop-portal-gnome.p/access.c.o -MF src/xdg-desktop-portal-gnome.p/access.c.o.d -o src/xdg-desktop-portal-gnome.p/access.c.o -c ../src/access.c
[   19s] ../src/access.c: In function ‘create_access_dialog’:
[   19s] ../src/access.c:213:3: warning: ‘adw_message_dialog_new’ is deprecated: Use 'adw_alert_dialog_new' instead [-Wdeprecated-declarations]
[   19s]   213 |   dialog = adw_message_dialog_new (GTK_WINDOW (fake_parent), title, subtitle);
[   19s]       |   ^~~~~~
[   19s] In file included from /usr/include/libadwaita-1/adwaita.h:63,
[   19s]                  from ../src/access.c:5:
[   19s] /usr/include/libadwaita-1/adw-message-dialog.h:40:12: note: declared here
[   19s]    40 | GtkWidget *adw_message_dialog_new (GtkWindow  *parent,
[   19s]       |            ^~~~~~~~~~~~~~~~~~~~~~
[   19s] ../src/access.c:218:3: warning: ‘adw_message_dialog_add_responses’ is deprecated: Use 'adw_alert_dialog_add_responses' instead [-Wdeprecated-declarations]
[   19s]   218 |   adw_message_dialog_add_responses (ADW_MESSAGE_DIALOG (dialog),
[   19s]       |   ^~~~~~~~~~~~~~~~~~~~~~~~~~~~~~~~
[   19s] /usr/include/libadwaita-1/adw-message-dialog.h:104:6: note: declared here
[   19s]   104 | void adw_message_dialog_add_responses (AdwMessageDialog *self,
[   19s]       |      ^~~~~~~~~~~~~~~~~~~~~~~~~~~~~~~~
[   19s] ../src/access.c:223:3: warning: ‘adw_message_dialog_set_default_response’ is deprecated: Use 'adw_alert_dialog_set_default_response' instead [-Wdeprecated-declarations]
[   19s]   223 |   adw_message_dialog_set_default_response (ADW_MESSAGE_DIALOG (dialog), "deny");
[   19s]       |   ^~~~~~~~~~~~~~~~~~~~~~~~~~~~~~~~~~~~~~~
[   19s] /usr/include/libadwaita-1/adw-message-dialog.h:135:13: note: declared here
[   19s]   135 | void        adw_message_dialog_set_default_response (AdwMessageDialog *self,
[   19s]       |             ^~~~~~~~~~~~~~~~~~~~~~~~~~~~~~~~~~~~~~~
[   19s] ../src/access.c:226:3: warning: ‘adw_message_dialog_set_extra_child’ is deprecated: Use 'adw_alert_dialog_set_extra_child' instead [-Wdeprecated-declarations]
[   19s]   226 |   adw_message_dialog_set_extra_child (ADW_MESSAGE_DIALOG (dialog), extra);
[   19s]       |   ^~~~~~~~~~~~~~~~~~~~~~~~~~~~~~~~~~
[   19s] /usr/include/libadwaita-1/adw-message-dialog.h:91:12: note: declared here
[   19s]    91 | void       adw_message_dialog_set_extra_child (AdwMessageDialog *self,
[   19s]       |            ^~~~~~~~~~~~~~~~~~~~~~~~~~~~~~~~~~
[   19s] [34/115] cc -Isrc/xdg-desktop-portal-gnome.p -Isrc -I../src -Isubprojects/libgxdp/src -I../subprojects/libgxdp/src -I/usr/include/freetype2 -I/usr/include/glib-2.0 -I/usr/lib64/glib-2.0/include -I/usr/include/gio-unix-2.0 -I/usr/include/libmount -I/usr/include/blkid -I/usr/include/gtk-4.0 -I/usr/include/pango-1.0 -I/usr/include/fribidi -I/usr/include/harfbuzz -I/usr/include/gdk-pixbuf-2.0 -I/usr/include/cairo -I/usr/include/libpng16 -I/usr/include/pixman-1 -I/usr/include/graphene-1.0 -I/usr/lib64/graphene-1.0/include -I/usr/include/libxkbcommon -I/usr/include/wayland -I/usr/include/gtk-4.0/unix-print -I/usr/include/gsettings-desktop-schemas -I/usr/include/gnome-desktop-4.0 -I/usr/include/libxml2 -I/usr/include/libseccomp -I/usr/include/libadwaita-1 -I/usr/include/appstream -fdiagnostics-color=always -D_FILE_OFFSET_BITS=64 -Wall -Winvalid-pch -O2 -Wall -U_FORTIFY_SOURCE -D_FORTIFY_SOURCE=3 -fstack-protector-strong -funwind-tables -fasynchronous-unwind-tables -fstack-clash-protection -Werror=return-type -flto=auto -mfpmath=sse -msse -msse2 -pthread -mfpmath=sse -msse -msse2 -mfpmath=sse -msse -msse2 -mfpmath=sse -msse -msse2 -mfpmath=sse -msse -msse2 -mfpmath=sse -msse -msse2 -MD -MQ src/xdg-desktop-portal-gnome.p/account.c.o -MF src/xdg-desktop-portal-gnome.p/account.c.o.d -o src/xdg-desktop-portal-gnome.p/account.c.o -c ../src/account.c
[   19s] [35/115] cc -Isrc/xdg-desktop-portal-gnome.p -Isrc -I../src -Isubprojects/libgxdp/src -I../subprojects/libgxdp/src -I/usr/include/freetype2 -I/usr/include/glib-2.0 -I/usr/lib64/glib-2.0/include -I/usr/include/gio-unix-2.0 -I/usr/include/libmount -I/usr/include/blkid -I/usr/include/gtk-4.0 -I/usr/include/pango-1.0 -I/usr/include/fribidi -I/usr/include/harfbuzz -I/usr/include/gdk-pixbuf-2.0 -I/usr/include/cairo -I/usr/include/libpng16 -I/usr/include/pixman-1 -I/usr/include/graphene-1.0 -I/usr/lib64/graphene-1.0/include -I/usr/include/libxkbcommon -I/usr/include/wayland -I/usr/include/gtk-4.0/unix-print -I/usr/include/gsettings-desktop-schemas -I/usr/include/gnome-desktop-4.0 -I/usr/include/libxml2 -I/usr/include/libseccomp -I/usr/include/libadwaita-1 -I/usr/include/appstream -fdiagnostics-color=always -D_FILE_OFFSET_BITS=64 -Wall -Winvalid-pch -O2 -Wall -U_FORTIFY_SOURCE -D_FORTIFY_SOURCE=3 -fstack-protector-strong -funwind-tables -fasynchronous-unwind-tables -fstack-clash-protection -Werror=return-type -flto=auto -mfpmath=sse -msse -msse2 -pthread -mfpmath=sse -msse -msse2 -mfpmath=sse -msse -msse2 -mfpmath=sse -msse -msse2 -mfpmath=sse -msse -msse2 -mfpmath=sse -msse -msse2 -MD -MQ src/xdg-desktop-portal-gnome.p/accountdialog.c.o -MF src/xdg-desktop-portal-gnome.p/accountdialog.c.o.d -o src/xdg-desktop-portal-gnome.p/accountdialog.c.o -c ../src/accountdialog.c
[   19s] ../src/accountdialog.c: In function ‘file_chooser_response’:
[   19s] ../src/accountdialog.c:128:3: warning: ‘gtk_file_chooser_get_file’ is deprecated [-Wdeprecated-declarations]
[   19s]   128 |   file = gtk_file_chooser_get_file (GTK_FILE_CHOOSER (widget));
[   19s]       |   ^~~~
[   19s] In file included from /usr/include/gtk-4.0/gtk/gtk.h:130,
[   19s]                  from /usr/include/libadwaita-1/adwaita.h:9,
[   19s]                  from ../src/accountdialog.c:5:
[   19s] /usr/include/gtk-4.0/gtk/deprecated/gtkfilechooser.h:123:22: note: declared here
[   19s]   123 | GFile *              gtk_file_chooser_get_file            (GtkFileChooser       *chooser);
[   19s]       |                      ^~~~~~~~~~~~~~~~~~~~~~~~~
[   19s] ../src/accountdialog.c: In function ‘image_button_clicked’:
[   19s] ../src/accountdialog.c:159:3: warning: ‘gtk_file_chooser_dialog_new’ is deprecated [-Wdeprecated-declarations]
[   19s]   159 |   chooser = gtk_file_chooser_dialog_new (_("Select an Image"),
[   19s]       |   ^~~~~~~
[   19s] In file included from /usr/include/gtk-4.0/gtk/gtk.h:131:
[   19s] /usr/include/gtk-4.0/gtk/deprecated/gtkfilechooserdialog.h:39:12: note: declared here
[   19s]    39 | GtkWidget *gtk_file_chooser_dialog_new              (const char           *title,
[   19s]       |            ^~~~~~~~~~~~~~~~~~~~~~~~~~~
[   19s] ../src/accountdialog.c:168:3: warning: ‘gtk_dialog_set_default_response’ is deprecated [-Wdeprecated-declarations]
[   19s]   168 |   gtk_dialog_set_default_response (GTK_DIALOG (chooser), GTK_RESPONSE_OK);
[   19s]       |   ^~~~~~~~~~~~~~~~~~~~~~~~~~~~~~~
[   19s] In file included from /usr/include/gtk-4.0/gtk/deprecated/gtkappchooserdialog.h:31,
[   19s]                  from /usr/include/gtk-4.0/gtk/gtk.h:43:
[   19s] /usr/include/gtk-4.0/gtk/deprecated/gtkdialog.h:161:6: note: declared here
[   19s]   161 | void gtk_dialog_set_default_response   (GtkDialog *dialog,
[   19s]       |      ^~~~~~~~~~~~~~~~~~~~~~~~~~~~~~~
[   19s] ../src/accountdialog.c:173:3: warning: ‘gtk_file_chooser_add_filter’ is deprecated [-Wdeprecated-declarations]
[   19s]   173 |   gtk_file_chooser_add_filter (GTK_FILE_CHOOSER (chooser), filter);
[   19s]       |   ^~~~~~~~~~~~~~~~~~~~~~~~~~~
[   19s] /usr/include/gtk-4.0/gtk/deprecated/gtkfilechooser.h:140:22: note: declared here
[   19s]   140 | void                 gtk_file_chooser_add_filter          (GtkFileChooser       *chooser,
[   19s]       |                      ^~~~~~~~~~~~~~~~~~~~~~~~~~~
[   20s] [36/115] cc -Isrc/xdg-desktop-portal-gnome.p -Isrc -I../src -Isubprojects/libgxdp/src -I../subprojects/libgxdp/src -I/usr/include/freetype2 -I/usr/include/glib-2.0 -I/usr/lib64/glib-2.0/include -I/usr/include/gio-unix-2.0 -I/usr/include/libmount -I/usr/include/blkid -I/usr/include/gtk-4.0 -I/usr/include/pango-1.0 -I/usr/include/fribidi -I/usr/include/harfbuzz -I/usr/include/gdk-pixbuf-2.0 -I/usr/include/cairo -I/usr/include/libpng16 -I/usr/include/pixman-1 -I/usr/include/graphene-1.0 -I/usr/lib64/graphene-1.0/include -I/usr/include/libxkbcommon -I/usr/include/wayland -I/usr/include/gtk-4.0/unix-print -I/usr/include/gsettings-desktop-schemas -I/usr/include/gnome-desktop-4.0 -I/usr/include/libxml2 -I/usr/include/libseccomp -I/usr/include/libadwaita-1 -I/usr/include/appstream -fdiagnostics-color=always -D_FILE_OFFSET_BITS=64 -Wall -Winvalid-pch -O2 -Wall -U_FORTIFY_SOURCE -D_FORTIFY_SOURCE=3 -fstack-protector-strong -funwind-tables -fasynchronous-unwind-tables -fstack-clash-protection -Werror=return-type -flto=auto -mfpmath=sse -msse -msse2 -pthread -mfpmath=sse -msse -msse2 -mfpmath=sse -msse -msse2 -mfpmath=sse -msse -msse2 -mfpmath=sse -msse -msse2 -mfpmath=sse -msse -msse2 -MD -MQ src/xdg-desktop-portal-gnome.p/appchooser.c.o -MF src/xdg-desktop-portal-gnome.p/appchooser.c.o.d -o src/xdg-desktop-portal-gnome.p/appchooser.c.o -c ../src/appchooser.c
[   20s] [37/115] cc -Isrc/xdg-desktop-portal-gnome.p -Isrc -I../src -Isubprojects/libgxdp/src -I../subprojects/libgxdp/src -I/usr/include/freetype2 -I/usr/include/glib-2.0 -I/usr/lib64/glib-2.0/include -I/usr/include/gio-unix-2.0 -I/usr/include/libmount -I/usr/include/blkid -I/usr/include/gtk-4.0 -I/usr/include/pango-1.0 -I/usr/include/fribidi -I/usr/include/harfbuzz -I/usr/include/gdk-pixbuf-2.0 -I/usr/include/cairo -I/usr/include/libpng16 -I/usr/include/pixman-1 -I/usr/include/graphene-1.0 -I/usr/lib64/graphene-1.0/include -I/usr/include/libxkbcommon -I/usr/include/wayland -I/usr/include/gtk-4.0/unix-print -I/usr/include/gsettings-desktop-schemas -I/usr/include/gnome-desktop-4.0 -I/usr/include/libxml2 -I/usr/include/libseccomp -I/usr/include/libadwaita-1 -I/usr/include/appstream -fdiagnostics-color=always -D_FILE_OFFSET_BITS=64 -Wall -Winvalid-pch -O2 -Wall -U_FORTIFY_SOURCE -D_FORTIFY_SOURCE=3 -fstack-protector-strong -funwind-tables -fasynchronous-unwind-tables -fstack-clash-protection -Werror=return-type -flto=auto -mfpmath=sse -msse -msse2 -pthread -mfpmath=sse -msse -msse2 -mfpmath=sse -msse -msse2 -mfpmath=sse -msse -msse2 -mfpmath=sse -msse -msse2 -mfpmath=sse -msse -msse2 -MD -MQ src/xdg-desktop-portal-gnome.p/appchooserrow.c.o -MF src/xdg-desktop-portal-gnome.p/appchooserrow.c.o.d -o src/xdg-desktop-portal-gnome.p/appchooserrow.c.o -c ../src/appchooserrow.c
[   20s] [38/115] cc -Isrc/xdg-desktop-portal-gnome.p -Isrc -I../src -Isubprojects/libgxdp/src -I../subprojects/libgxdp/src -I/usr/include/freetype2 -I/usr/include/glib-2.0 -I/usr/lib64/glib-2.0/include -I/usr/include/gio-unix-2.0 -I/usr/include/libmount -I/usr/include/blkid -I/usr/include/gtk-4.0 -I/usr/include/pango-1.0 -I/usr/include/fribidi -I/usr/include/harfbuzz -I/usr/include/gdk-pixbuf-2.0 -I/usr/include/cairo -I/usr/include/libpng16 -I/usr/include/pixman-1 -I/usr/include/graphene-1.0 -I/usr/lib64/graphene-1.0/include -I/usr/include/libxkbcommon -I/usr/include/wayland -I/usr/include/gtk-4.0/unix-print -I/usr/include/gsettings-desktop-schemas -I/usr/include/gnome-desktop-4.0 -I/usr/include/libxml2 -I/usr/include/libseccomp -I/usr/include/libadwaita-1 -I/usr/include/appstream -fdiagnostics-color=always -D_FILE_OFFSET_BITS=64 -Wall -Winvalid-pch -O2 -Wall -U_FORTIFY_SOURCE -D_FORTIFY_SOURCE=3 -fstack-protector-strong -funwind-tables -fasynchronous-unwind-tables -fstack-clash-protection -Werror=return-type -flto=auto -mfpmath=sse -msse -msse2 -pthread -mfpmath=sse -msse -msse2 -mfpmath=sse -msse -msse2 -mfpmath=sse -msse -msse2 -mfpmath=sse -msse -msse2 -mfpmath=sse -msse -msse2 -MD -MQ src/xdg-desktop-portal-gnome.p/meson-generated_.._xdg-desktop-portal-dbus.c.o -MF src/xdg-desktop-portal-gnome.p/meson-generated_.._xdg-desktop-portal-dbus.c.o.d -o src/xdg-desktop-portal-gnome.p/meson-generated_.._xdg-desktop-portal-dbus.c.o -c src/xdg-desktop-portal-dbus.c
[   20s] [39/115] cc -Isrc/xdg-desktop-portal-gnome.p -Isrc -I../src -Isubprojects/libgxdp/src -I../subprojects/libgxdp/src -I/usr/include/freetype2 -I/usr/include/glib-2.0 -I/usr/lib64/glib-2.0/include -I/usr/include/gio-unix-2.0 -I/usr/include/libmount -I/usr/include/blkid -I/usr/include/gtk-4.0 -I/usr/include/pango-1.0 -I/usr/include/fribidi -I/usr/include/harfbuzz -I/usr/include/gdk-pixbuf-2.0 -I/usr/include/cairo -I/usr/include/libpng16 -I/usr/include/pixman-1 -I/usr/include/graphene-1.0 -I/usr/lib64/graphene-1.0/include -I/usr/include/libxkbcommon -I/usr/include/wayland -I/usr/include/gtk-4.0/unix-print -I/usr/include/gsettings-desktop-schemas -I/usr/include/gnome-desktop-4.0 -I/usr/include/libxml2 -I/usr/include/libseccomp -I/usr/include/libadwaita-1 -I/usr/include/appstream -fdiagnostics-color=always -D_FILE_OFFSET_BITS=64 -Wall -Winvalid-pch -O2 -Wall -U_FORTIFY_SOURCE -D_FORTIFY_SOURCE=3 -fstack-protector-strong -funwind-tables -fasynchronous-unwind-tables -fstack-clash-protection -Werror=return-type -flto=auto -mfpmath=sse -msse -msse2 -pthread -mfpmath=sse -msse -msse2 -mfpmath=sse -msse -msse2 -mfpmath=sse -msse -msse2 -mfpmath=sse -msse -msse2 -mfpmath=sse -msse -msse2 -MD -MQ src/xdg-desktop-portal-gnome.p/appchooserdialog.c.o -MF src/xdg-desktop-portal-gnome.p/appchooserdialog.c.o.d -o src/xdg-desktop-portal-gnome.p/appchooserdialog.c.o -c ../src/appchooserdialog.c
[   20s] ../src/appchooserdialog.c: In function ‘show_error_dialog’:
[   20s] ../src/appchooserdialog.c:175:3: warning: ‘adw_message_dialog_new’ is deprecated: Use 'adw_alert_dialog_new' instead [-Wdeprecated-declarations]
[   20s]   175 |   message_dialog = adw_message_dialog_new (parent, primary, secondary);
[   20s]       |   ^~~~~~~~~~~~~~
[   20s] In file included from /usr/include/libadwaita-1/adwaita.h:63,
[   20s]                  from ../src/appchooserdialog.c:27:
[   20s] /usr/include/libadwaita-1/adw-message-dialog.h:40:12: note: declared here
[   20s]    40 | GtkWidget *adw_message_dialog_new (GtkWindow  *parent,
[   20s]       |            ^~~~~~~~~~~~~~~~~~~~~~
[   20s] ../src/appchooserdialog.c:176:3: warning: ‘adw_message_dialog_add_response’ is deprecated: Use 'adw_alert_dialog_add_response' instead [-Wdeprecated-declarations]
[   20s]   176 |   adw_message_dialog_add_response (ADW_MESSAGE_DIALOG (message_dialog), "ok", _("_OK"));
[   20s]       |   ^~~~~~~~~~~~~~~~~~~~~~~~~~~~~~~
[   20s] /usr/include/libadwaita-1/adw-message-dialog.h:95:6: note: declared here
[   20s]    95 | void adw_message_dialog_add_response (AdwMessageDialog *self,
[   20s]       |      ^~~~~~~~~~~~~~~~~~~~~~~~~~~~~~~
[   20s] ../src/appchooserdialog.c:177:3: warning: ‘adw_message_dialog_set_default_response’ is deprecated: Use 'adw_alert_dialog_set_default_response' instead [-Wdeprecated-declarations]
[   20s]   177 |   adw_message_dialog_set_default_response (ADW_MESSAGE_DIALOG (message_dialog), "ok");
[   20s]       |   ^~~~~~~~~~~~~~~~~~~~~~~~~~~~~~~~~~~~~~~
[   20s] /usr/include/libadwaita-1/adw-message-dialog.h:135:13: note: declared here
[   20s]   135 | void        adw_message_dialog_set_default_response (AdwMessageDialog *self,
[   20s]       |             ^~~~~~~~~~~~~~~~~~~~~~~~~~~~~~~~~~~~~~~
[   20s] [40/115] cc -Isrc/xdg-desktop-portal-gnome.p -Isrc -I../src -Isubprojects/libgxdp/src -I../subprojects/libgxdp/src -I/usr/include/freetype2 -I/usr/include/glib-2.0 -I/usr/lib64/glib-2.0/include -I/usr/include/gio-unix-2.0 -I/usr/include/libmount -I/usr/include/blkid -I/usr/include/gtk-4.0 -I/usr/include/pango-1.0 -I/usr/include/fribidi -I/usr/include/harfbuzz -I/usr/include/gdk-pixbuf-2.0 -I/usr/include/cairo -I/usr/include/libpng16 -I/usr/include/pixman-1 -I/usr/include/graphene-1.0 -I/usr/lib64/graphene-1.0/include -I/usr/include/libxkbcommon -I/usr/include/wayland -I/usr/include/gtk-4.0/unix-print -I/usr/include/gsettings-desktop-schemas -I/usr/include/gnome-desktop-4.0 -I/usr/include/libxml2 -I/usr/include/libseccomp -I/usr/include/libadwaita-1 -I/usr/include/appstream -fdiagnostics-color=always -D_FILE_OFFSET_BITS=64 -Wall -Winvalid-pch -O2 -Wall -U_FORTIFY_SOURCE -D_FORTIFY_SOURCE=3 -fstack-protector-strong -funwind-tables -fasynchronous-unwind-tables -fstack-clash-protection -Werror=return-type -flto=auto -mfpmath=sse -msse -msse2 -pthread -mfpmath=sse -msse -msse2 -mfpmath=sse -msse -msse2 -mfpmath=sse -msse -msse2 -mfpmath=sse -msse -msse2 -mfpmath=sse -msse -msse2 -MD -MQ src/xdg-desktop-portal-gnome.p/meson-generated_.._shell-dbus.c.o -MF src/xdg-desktop-portal-gnome.p/meson-generated_.._shell-dbus.c.o.d -o src/xdg-desktop-portal-gnome.p/meson-generated_.._shell-dbus.c.o -c src/shell-dbus.c
[   20s] [41/115] cc -Isrc/xdg-desktop-portal-gnome.p -Isrc -I../src -Isubprojects/libgxdp/src -I../subprojects/libgxdp/src -I/usr/include/freetype2 -I/usr/include/glib-2.0 -I/usr/lib64/glib-2.0/include -I/usr/include/gio-unix-2.0 -I/usr/include/libmount -I/usr/include/blkid -I/usr/include/gtk-4.0 -I/usr/include/pango-1.0 -I/usr/include/fribidi -I/usr/include/harfbuzz -I/usr/include/gdk-pixbuf-2.0 -I/usr/include/cairo -I/usr/include/libpng16 -I/usr/include/pixman-1 -I/usr/include/graphene-1.0 -I/usr/lib64/graphene-1.0/include -I/usr/include/libxkbcommon -I/usr/include/wayland -I/usr/include/gtk-4.0/unix-print -I/usr/include/gsettings-desktop-schemas -I/usr/include/gnome-desktop-4.0 -I/usr/include/libxml2 -I/usr/include/libseccomp -I/usr/include/libadwaita-1 -I/usr/include/appstream -fdiagnostics-color=always -D_FILE_OFFSET_BITS=64 -Wall -Winvalid-pch -O2 -Wall -U_FORTIFY_SOURCE -D_FORTIFY_SOURCE=3 -fstack-protector-strong -funwind-tables -fasynchronous-unwind-tables -fstack-clash-protection -Werror=return-type -flto=auto -mfpmath=sse -msse -msse2 -pthread -mfpmath=sse -msse -msse2 -mfpmath=sse -msse -msse2 -mfpmath=sse -msse -msse2 -mfpmath=sse -msse -msse2 -mfpmath=sse -msse -msse2 -MD -MQ src/xdg-desktop-portal-gnome.p/background.c.o -MF src/xdg-desktop-portal-gnome.p/background.c.o.d -o src/xdg-desktop-portal-gnome.p/background.c.o -c ../src/background.c
[   20s] [42/115] cc -Isrc/xdg-desktop-portal-gnome.p -Isrc -I../src -Isubprojects/libgxdp/src -I../subprojects/libgxdp/src -I/usr/include/freetype2 -I/usr/include/glib-2.0 -I/usr/lib64/glib-2.0/include -I/usr/include/gio-unix-2.0 -I/usr/include/libmount -I/usr/include/blkid -I/usr/include/gtk-4.0 -I/usr/include/pango-1.0 -I/usr/include/fribidi -I/usr/include/harfbuzz -I/usr/include/gdk-pixbuf-2.0 -I/usr/include/cairo -I/usr/include/libpng16 -I/usr/include/pixman-1 -I/usr/include/graphene-1.0 -I/usr/lib64/graphene-1.0/include -I/usr/include/libxkbcommon -I/usr/include/wayland -I/usr/include/gtk-4.0/unix-print -I/usr/include/gsettings-desktop-schemas -I/usr/include/gnome-desktop-4.0 -I/usr/include/libxml2 -I/usr/include/libseccomp -I/usr/include/libadwaita-1 -I/usr/include/appstream -fdiagnostics-color=always -D_FILE_OFFSET_BITS=64 -Wall -Winvalid-pch -O2 -Wall -U_FORTIFY_SOURCE -D_FORTIFY_SOURCE=3 -fstack-protector-strong -funwind-tables -fasynchronous-unwind-tables -fstack-clash-protection -Werror=return-type -flto=auto -mfpmath=sse -msse -msse2 -pthread -mfpmath=sse -msse -msse2 -mfpmath=sse -msse -msse2 -mfpmath=sse -msse -msse2 -mfpmath=sse -msse -msse2 -mfpmath=sse -msse -msse2 -MD -MQ src/xdg-desktop-portal-gnome.p/clipboard.c.o -MF src/xdg-desktop-portal-gnome.p/clipboard.c.o.d -o src/xdg-desktop-portal-gnome.p/clipboard.c.o -c ../src/clipboard.c
[   20s] [43/115] cc -Isrc/xdg-desktop-portal-gnome.p -Isrc -I../src -Isubprojects/libgxdp/src -I../subprojects/libgxdp/src -I/usr/include/freetype2 -I/usr/include/glib-2.0 -I/usr/lib64/glib-2.0/include -I/usr/include/gio-unix-2.0 -I/usr/include/libmount -I/usr/include/blkid -I/usr/include/gtk-4.0 -I/usr/include/pango-1.0 -I/usr/include/fribidi -I/usr/include/harfbuzz -I/usr/include/gdk-pixbuf-2.0 -I/usr/include/cairo -I/usr/include/libpng16 -I/usr/include/pixman-1 -I/usr/include/graphene-1.0 -I/usr/lib64/graphene-1.0/include -I/usr/include/libxkbcommon -I/usr/include/wayland -I/usr/include/gtk-4.0/unix-print -I/usr/include/gsettings-desktop-schemas -I/usr/include/gnome-desktop-4.0 -I/usr/include/libxml2 -I/usr/include/libseccomp -I/usr/include/libadwaita-1 -I/usr/include/appstream -fdiagnostics-color=always -D_FILE_OFFSET_BITS=64 -Wall -Winvalid-pch -O2 -Wall -U_FORTIFY_SOURCE -D_FORTIFY_SOURCE=3 -fstack-protector-strong -funwind-tables -fasynchronous-unwind-tables -fstack-clash-protection -Werror=return-type -flto=auto -mfpmath=sse -msse -msse2 -pthread -mfpmath=sse -msse -msse2 -mfpmath=sse -msse -msse2 -mfpmath=sse -msse -msse2 -mfpmath=sse -msse -msse2 -mfpmath=sse -msse -msse2 -MD -MQ src/xdg-desktop-portal-gnome.p/displaystatetracker.c.o -MF src/xdg-desktop-portal-gnome.p/displaystatetracker.c.o.d -o src/xdg-desktop-portal-gnome.p/displaystatetracker.c.o -c ../src/displaystatetracker.c
[   20s] [44/115] cc -Isrc/xdg-desktop-portal-gnome.p -Isrc -I../src -Isubprojects/libgxdp/src -I../subprojects/libgxdp/src -I/usr/include/freetype2 -I/usr/include/glib-2.0 -I/usr/lib64/glib-2.0/include -I/usr/include/gio-unix-2.0 -I/usr/include/libmount -I/usr/include/blkid -I/usr/include/gtk-4.0 -I/usr/include/pango-1.0 -I/usr/include/fribidi -I/usr/include/harfbuzz -I/usr/include/gdk-pixbuf-2.0 -I/usr/include/cairo -I/usr/include/libpng16 -I/usr/include/pixman-1 -I/usr/include/graphene-1.0 -I/usr/lib64/graphene-1.0/include -I/usr/include/libxkbcommon -I/usr/include/wayland -I/usr/include/gtk-4.0/unix-print -I/usr/include/gsettings-desktop-schemas -I/usr/include/gnome-desktop-4.0 -I/usr/include/libxml2 -I/usr/include/libseccomp -I/usr/include/libadwaita-1 -I/usr/include/appstream -fdiagnostics-color=always -D_FILE_OFFSET_BITS=64 -Wall -Winvalid-pch -O2 -Wall -U_FORTIFY_SOURCE -D_FORTIFY_SOURCE=3 -fstack-protector-strong -funwind-tables -fasynchronous-unwind-tables -fstack-clash-protection -Werror=return-type -flto=auto -mfpmath=sse -msse -msse2 -pthread -mfpmath=sse -msse -msse2 -mfpmath=sse -msse -msse2 -mfpmath=sse -msse -msse2 -mfpmath=sse -msse -msse2 -mfpmath=sse -msse -msse2 -MD -MQ src/xdg-desktop-portal-gnome.p/dynamic-launcher.c.o -MF src/xdg-desktop-portal-gnome.p/dynamic-launcher.c.o.d -o src/xdg-desktop-portal-gnome.p/dynamic-launcher.c.o -c ../src/dynamic-launcher.c
[   20s] ../src/dynamic-launcher.c: In function ‘handle_prepare_install’:
[   20s] ../src/dynamic-launcher.c:255:3: warning: ‘gtk_dialog_new_with_buttons’ is deprecated [-Wdeprecated-declarations]
[   20s]   255 |   dialog = GTK_WINDOW (gtk_dialog_new_with_buttons (title,
[   20s]       |   ^~~~~~
[   20s] In file included from /usr/include/gtk-4.0/gtk/deprecated/gtkappchooserdialog.h:31,
[   20s]                  from /usr/include/gtk-4.0/gtk/gtk.h:43,
[   20s]                  from ../src/dynamic-launcher.c:27:
[   20s] /usr/include/gtk-4.0/gtk/deprecated/gtkdialog.h:137:12: note: declared here
[   20s]   137 | GtkWidget* gtk_dialog_new_with_buttons (const char      *title,
[   20s]       |            ^~~~~~~~~~~~~~~~~~~~~~~~~~~
[   20s] ../src/dynamic-launcher.c:264:3: warning: ‘gtk_dialog_get_content_area’ is deprecated [-Wdeprecated-declarations]
[   20s]   264 |   content_area = gtk_dialog_get_content_area (GTK_DIALOG (dialog));
[   20s]       |   ^~~~~~~~~~~~
[   20s] /usr/include/gtk-4.0/gtk/deprecated/gtkdialog.h:176:13: note: declared here
[   20s]   176 | GtkWidget * gtk_dialog_get_content_area (GtkDialog *dialog);
[   20s]       |             ^~~~~~~~~~~~~~~~~~~~~~~~~~~
[   20s] ../src/dynamic-launcher.c:290:3: warning: ‘gtk_image_set_from_pixbuf’ is deprecated: Use 'gtk_image_set_from_paintable' instead [-Wdeprecated-declarations]
[   20s]   290 |   gtk_image_set_from_pixbuf (GTK_IMAGE (image), pixbuf);
[   20s]       |   ^~~~~~~~~~~~~~~~~~~~~~~~~
[   20s] In file included from /usr/include/gtk-4.0/gtk/gtkentry.h:40,
[   20s]                  from /usr/include/gtk-4.0/gtk/deprecated/gtktreeview.h:27,
[   20s]                  from /usr/include/gtk-4.0/gtk/deprecated/gtkcombobox.h:26,
[   20s]                  from /usr/include/gtk-4.0/gtk/gtk.h:94:
[   20s] /usr/include/gtk-4.0/gtk/gtkimage.h:95:6: note: declared here
[   20s]    95 | void gtk_image_set_from_pixbuf    (GtkImage        *image,
[   20s]       |      ^~~~~~~~~~~~~~~~~~~~~~~~~
[   20s] ../src/dynamic-launcher.c:315:3: warning: ‘gtk_dialog_set_default_response’ is deprecated [-Wdeprecated-declarations]
[   20s]   315 |   gtk_dialog_set_default_response (GTK_DIALOG (dialog), GTK_RESPONSE_OK);
[   20s]       |   ^~~~~~~~~~~~~~~~~~~~~~~~~~~~~~~
[   20s] /usr/include/gtk-4.0/gtk/deprecated/gtkdialog.h:161:6: note: declared here
[   20s]   161 | void gtk_dialog_set_default_response   (GtkDialog *dialog,
[   20s]       |      ^~~~~~~~~~~~~~~~~~~~~~~~~~~~~~~
[   20s] [45/115] cc -Isrc/xdg-desktop-portal-gnome.p -Isrc -I../src -Isubprojects/libgxdp/src -I../subprojects/libgxdp/src -I/usr/include/freetype2 -I/usr/include/glib-2.0 -I/usr/lib64/glib-2.0/include -I/usr/include/gio-unix-2.0 -I/usr/include/libmount -I/usr/include/blkid -I/usr/include/gtk-4.0 -I/usr/include/pango-1.0 -I/usr/include/fribidi -I/usr/include/harfbuzz -I/usr/include/gdk-pixbuf-2.0 -I/usr/include/cairo -I/usr/include/libpng16 -I/usr/include/pixman-1 -I/usr/include/graphene-1.0 -I/usr/lib64/graphene-1.0/include -I/usr/include/libxkbcommon -I/usr/include/wayland -I/usr/include/gtk-4.0/unix-print -I/usr/include/gsettings-desktop-schemas -I/usr/include/gnome-desktop-4.0 -I/usr/include/libxml2 -I/usr/include/libseccomp -I/usr/include/libadwaita-1 -I/usr/include/appstream -fdiagnostics-color=always -D_FILE_OFFSET_BITS=64 -Wall -Winvalid-pch -O2 -Wall -U_FORTIFY_SOURCE -D_FORTIFY_SOURCE=3 -fstack-protector-strong -funwind-tables -fasynchronous-unwind-tables -fstack-clash-protection -Werror=return-type -flto=auto -mfpmath=sse -msse -msse2 -pthread -mfpmath=sse -msse -msse2 -mfpmath=sse -msse -msse2 -mfpmath=sse -msse -msse2 -mfpmath=sse -msse -msse2 -mfpmath=sse -msse -msse2 -MD -MQ src/xdg-desktop-portal-gnome.p/fc-monitor.c.o -MF src/xdg-desktop-portal-gnome.p/fc-monitor.c.o.d -o src/xdg-desktop-portal-gnome.p/fc-monitor.c.o -c ../src/fc-monitor.c
[   21s] [46/115] cc -Isrc/xdg-desktop-portal-gnome.p -Isrc -I../src -Isubprojects/libgxdp/src -I../subprojects/libgxdp/src -I/usr/include/freetype2 -I/usr/include/glib-2.0 -I/usr/lib64/glib-2.0/include -I/usr/include/gio-unix-2.0 -I/usr/include/libmount -I/usr/include/blkid -I/usr/include/gtk-4.0 -I/usr/include/pango-1.0 -I/usr/include/fribidi -I/usr/include/harfbuzz -I/usr/include/gdk-pixbuf-2.0 -I/usr/include/cairo -I/usr/include/libpng16 -I/usr/include/pixman-1 -I/usr/include/graphene-1.0 -I/usr/lib64/graphene-1.0/include -I/usr/include/libxkbcommon -I/usr/include/wayland -I/usr/include/gtk-4.0/unix-print -I/usr/include/gsettings-desktop-schemas -I/usr/include/gnome-desktop-4.0 -I/usr/include/libxml2 -I/usr/include/libseccomp -I/usr/include/libadwaita-1 -I/usr/include/appstream -fdiagnostics-color=always -D_FILE_OFFSET_BITS=64 -Wall -Winvalid-pch -O2 -Wall -U_FORTIFY_SOURCE -D_FORTIFY_SOURCE=3 -fstack-protector-strong -funwind-tables -fasynchronous-unwind-tables -fstack-clash-protection -Werror=return-type -flto=auto -mfpmath=sse -msse -msse2 -pthread -mfpmath=sse -msse -msse2 -mfpmath=sse -msse -msse2 -mfpmath=sse -msse -msse2 -mfpmath=sse -msse -msse2 -mfpmath=sse -msse -msse2 -MD -MQ src/xdg-desktop-portal-gnome.p/globalshortcuts.c.o -MF src/xdg-desktop-portal-gnome.p/globalshortcuts.c.o.d -o src/xdg-desktop-portal-gnome.p/globalshortcuts.c.o -c ../src/globalshortcuts.c
[   21s] [47/115] cc -Isrc/xdg-desktop-portal-gnome.p -Isrc -I../src -Isubprojects/libgxdp/src -I../subprojects/libgxdp/src -I/usr/include/freetype2 -I/usr/include/glib-2.0 -I/usr/lib64/glib-2.0/include -I/usr/include/gio-unix-2.0 -I/usr/include/libmount -I/usr/include/blkid -I/usr/include/gtk-4.0 -I/usr/include/pango-1.0 -I/usr/include/fribidi -I/usr/include/harfbuzz -I/usr/include/gdk-pixbuf-2.0 -I/usr/include/cairo -I/usr/include/libpng16 -I/usr/include/pixman-1 -I/usr/include/graphene-1.0 -I/usr/lib64/graphene-1.0/include -I/usr/include/libxkbcommon -I/usr/include/wayland -I/usr/include/gtk-4.0/unix-print -I/usr/include/gsettings-desktop-schemas -I/usr/include/gnome-desktop-4.0 -I/usr/include/libxml2 -I/usr/include/libseccomp -I/usr/include/libadwaita-1 -I/usr/include/appstream -fdiagnostics-color=always -D_FILE_OFFSET_BITS=64 -Wall -Winvalid-pch -O2 -Wall -U_FORTIFY_SOURCE -D_FORTIFY_SOURCE=3 -fstack-protector-strong -funwind-tables -fasynchronous-unwind-tables -fstack-clash-protection -Werror=return-type -flto=auto -mfpmath=sse -msse -msse2 -pthread -mfpmath=sse -msse -msse2 -mfpmath=sse -msse -msse2 -mfpmath=sse -msse -msse2 -mfpmath=sse -msse -msse2 -mfpmath=sse -msse -msse2 -MD -MQ src/xdg-desktop-portal-gnome.p/filechooser.c.o -MF src/xdg-desktop-portal-gnome.p/filechooser.c.o.d -o src/xdg-desktop-portal-gnome.p/filechooser.c.o -c ../src/filechooser.c
[   21s] [48/115] cc -Isrc/xdg-desktop-portal-gnome.p -Isrc -I../src -Isubprojects/libgxdp/src -I../subprojects/libgxdp/src -I/usr/include/freetype2 -I/usr/include/glib-2.0 -I/usr/lib64/glib-2.0/include -I/usr/include/gio-unix-2.0 -I/usr/include/libmount -I/usr/include/blkid -I/usr/include/gtk-4.0 -I/usr/include/pango-1.0 -I/usr/include/fribidi -I/usr/include/harfbuzz -I/usr/include/gdk-pixbuf-2.0 -I/usr/include/cairo -I/usr/include/libpng16 -I/usr/include/pixman-1 -I/usr/include/graphene-1.0 -I/usr/lib64/graphene-1.0/include -I/usr/include/libxkbcommon -I/usr/include/wayland -I/usr/include/gtk-4.0/unix-print -I/usr/include/gsettings-desktop-schemas -I/usr/include/gnome-desktop-4.0 -I/usr/include/libxml2 -I/usr/include/libseccomp -I/usr/include/libadwaita-1 -I/usr/include/appstream -fdiagnostics-color=always -D_FILE_OFFSET_BITS=64 -Wall -Winvalid-pch -O2 -Wall -U_FORTIFY_SOURCE -D_FORTIFY_SOURCE=3 -fstack-protector-strong -funwind-tables -fasynchronous-unwind-tables -fstack-clash-protection -Werror=return-type -flto=auto -mfpmath=sse -msse -msse2 -pthread -mfpmath=sse -msse -msse2 -mfpmath=sse -msse -msse2 -mfpmath=sse -msse -msse2 -mfpmath=sse -msse -msse2 -mfpmath=sse -msse -msse2 -MD -MQ src/xdg-desktop-portal-gnome.p/inputcapturedialog.c.o -MF src/xdg-desktop-portal-gnome.p/inputcapturedialog.c.o.d -o src/xdg-desktop-portal-gnome.p/inputcapturedialog.c.o -c ../src/inputcapturedialog.c
[   21s] [49/115] cc -Isrc/xdg-desktop-portal-gnome.p -Isrc -I../src -Isubprojects/libgxdp/src -I../subprojects/libgxdp/src -I/usr/include/freetype2 -I/usr/include/glib-2.0 -I/usr/lib64/glib-2.0/include -I/usr/include/gio-unix-2.0 -I/usr/include/libmount -I/usr/include/blkid -I/usr/include/gtk-4.0 -I/usr/include/pango-1.0 -I/usr/include/fribidi -I/usr/include/harfbuzz -I/usr/include/gdk-pixbuf-2.0 -I/usr/include/cairo -I/usr/include/libpng16 -I/usr/include/pixman-1 -I/usr/include/graphene-1.0 -I/usr/lib64/graphene-1.0/include -I/usr/include/libxkbcommon -I/usr/include/wayland -I/usr/include/gtk-4.0/unix-print -I/usr/include/gsettings-desktop-schemas -I/usr/include/gnome-desktop-4.0 -I/usr/include/libxml2 -I/usr/include/libseccomp -I/usr/include/libadwaita-1 -I/usr/include/appstream -fdiagnostics-color=always -D_FILE_OFFSET_BITS=64 -Wall -Winvalid-pch -O2 -Wall -U_FORTIFY_SOURCE -D_FORTIFY_SOURCE=3 -fstack-protector-strong -funwind-tables -fasynchronous-unwind-tables -fstack-clash-protection -Werror=return-type -flto=auto -mfpmath=sse -msse -msse2 -pthread -mfpmath=sse -msse -msse2 -mfpmath=sse -msse -msse2 -mfpmath=sse -msse -msse2 -mfpmath=sse -msse -msse2 -mfpmath=sse -msse -msse2 -MD -MQ src/xdg-desktop-portal-gnome.p/inputcapture.c.o -MF src/xdg-desktop-portal-gnome.p/inputcapture.c.o.d -o src/xdg-desktop-portal-gnome.p/inputcapture.c.o -c ../src/inputcapture.c
[   21s] [50/115] cc -Isrc/xdg-desktop-portal-gnome.p -Isrc -I../src -Isubprojects/libgxdp/src -I../subprojects/libgxdp/src -I/usr/include/freetype2 -I/usr/include/glib-2.0 -I/usr/lib64/glib-2.0/include -I/usr/include/gio-unix-2.0 -I/usr/include/libmount -I/usr/include/blkid -I/usr/include/gtk-4.0 -I/usr/include/pango-1.0 -I/usr/include/fribidi -I/usr/include/harfbuzz -I/usr/include/gdk-pixbuf-2.0 -I/usr/include/cairo -I/usr/include/libpng16 -I/usr/include/pixman-1 -I/usr/include/graphene-1.0 -I/usr/lib64/graphene-1.0/include -I/usr/include/libxkbcommon -I/usr/include/wayland -I/usr/include/gtk-4.0/unix-print -I/usr/include/gsettings-desktop-schemas -I/usr/include/gnome-desktop-4.0 -I/usr/include/libxml2 -I/usr/include/libseccomp -I/usr/include/libadwaita-1 -I/usr/include/appstream -fdiagnostics-color=always -D_FILE_OFFSET_BITS=64 -Wall -Winvalid-pch -O2 -Wall -U_FORTIFY_SOURCE -D_FORTIFY_SOURCE=3 -fstack-protector-strong -funwind-tables -fasynchronous-unwind-tables -fstack-clash-protection -Werror=return-type -flto=auto -mfpmath=sse -msse -msse2 -pthread -mfpmath=sse -msse -msse2 -mfpmath=sse -msse -msse2 -mfpmath=sse -msse -msse2 -mfpmath=sse -msse -msse2 -mfpmath=sse -msse -msse2 -MD -MQ src/xdg-desktop-portal-gnome.p/lockdown.c.o -MF src/xdg-desktop-portal-gnome.p/lockdown.c.o.d -o src/xdg-desktop-portal-gnome.p/lockdown.c.o -c ../src/lockdown.c
[   21s] [51/115] cc -Isrc/xdg-desktop-portal-gnome.p -Isrc -I../src -Isubprojects/libgxdp/src -I../subprojects/libgxdp/src -I/usr/include/freetype2 -I/usr/include/glib-2.0 -I/usr/lib64/glib-2.0/include -I/usr/include/gio-unix-2.0 -I/usr/include/libmount -I/usr/include/blkid -I/usr/include/gtk-4.0 -I/usr/include/pango-1.0 -I/usr/include/fribidi -I/usr/include/harfbuzz -I/usr/include/gdk-pixbuf-2.0 -I/usr/include/cairo -I/usr/include/libpng16 -I/usr/include/pixman-1 -I/usr/include/graphene-1.0 -I/usr/lib64/graphene-1.0/include -I/usr/include/libxkbcommon -I/usr/include/wayland -I/usr/include/gtk-4.0/unix-print -I/usr/include/gsettings-desktop-schemas -I/usr/include/gnome-desktop-4.0 -I/usr/include/libxml2 -I/usr/include/libseccomp -I/usr/include/libadwaita-1 -I/usr/include/appstream -fdiagnostics-color=always -D_FILE_OFFSET_BITS=64 -Wall -Winvalid-pch -O2 -Wall -U_FORTIFY_SOURCE -D_FORTIFY_SOURCE=3 -fstack-protector-strong -funwind-tables -fasynchronous-unwind-tables -fstack-clash-protection -Werror=return-type -flto=auto -mfpmath=sse -msse -msse2 -pthread -mfpmath=sse -msse -msse2 -mfpmath=sse -msse -msse2 -mfpmath=sse -msse -msse2 -mfpmath=sse -msse -msse2 -mfpmath=sse -msse -msse2 -MD -MQ src/xdg-desktop-portal-gnome.p/gnomeinputcapture.c.o -MF src/xdg-desktop-portal-gnome.p/gnomeinputcapture.c.o.d -o src/xdg-desktop-portal-gnome.p/gnomeinputcapture.c.o -c ../src/gnomeinputcapture.c
[   21s] [52/115] cc -Isrc/xdg-desktop-portal-gnome.p -Isrc -I../src -Isubprojects/libgxdp/src -I../subprojects/libgxdp/src -I/usr/include/freetype2 -I/usr/include/glib-2.0 -I/usr/lib64/glib-2.0/include -I/usr/include/gio-unix-2.0 -I/usr/include/libmount -I/usr/include/blkid -I/usr/include/gtk-4.0 -I/usr/include/pango-1.0 -I/usr/include/fribidi -I/usr/include/harfbuzz -I/usr/include/gdk-pixbuf-2.0 -I/usr/include/cairo -I/usr/include/libpng16 -I/usr/include/pixman-1 -I/usr/include/graphene-1.0 -I/usr/lib64/graphene-1.0/include -I/usr/include/libxkbcommon -I/usr/include/wayland -I/usr/include/gtk-4.0/unix-print -I/usr/include/gsettings-desktop-schemas -I/usr/include/gnome-desktop-4.0 -I/usr/include/libxml2 -I/usr/include/libseccomp -I/usr/include/libadwaita-1 -I/usr/include/appstream -fdiagnostics-color=always -D_FILE_OFFSET_BITS=64 -Wall -Winvalid-pch -O2 -Wall -U_FORTIFY_SOURCE -D_FORTIFY_SOURCE=3 -fstack-protector-strong -funwind-tables -fasynchronous-unwind-tables -fstack-clash-protection -Werror=return-type -flto=auto -mfpmath=sse -msse -msse2 -pthread -mfpmath=sse -msse -msse2 -mfpmath=sse -msse -msse2 -mfpmath=sse -msse -msse2 -mfpmath=sse -msse -msse2 -mfpmath=sse -msse -msse2 -MD -MQ src/xdg-desktop-portal-gnome.p/gnomescreencast.c.o -MF src/xdg-desktop-portal-gnome.p/gnomescreencast.c.o.d -o src/xdg-desktop-portal-gnome.p/gnomescreencast.c.o -c ../src/gnomescreencast.c
[   21s] [53/115] cc -Isrc/xdg-desktop-portal-gnome.p -Isrc -I../src -Isubprojects/libgxdp/src -I../subprojects/libgxdp/src -I/usr/include/freetype2 -I/usr/include/glib-2.0 -I/usr/lib64/glib-2.0/include -I/usr/include/gio-unix-2.0 -I/usr/include/libmount -I/usr/include/blkid -I/usr/include/gtk-4.0 -I/usr/include/pango-1.0 -I/usr/include/fribidi -I/usr/include/harfbuzz -I/usr/include/gdk-pixbuf-2.0 -I/usr/include/cairo -I/usr/include/libpng16 -I/usr/include/pixman-1 -I/usr/include/graphene-1.0 -I/usr/lib64/graphene-1.0/include -I/usr/include/libxkbcommon -I/usr/include/wayland -I/usr/include/gtk-4.0/unix-print -I/usr/include/gsettings-desktop-schemas -I/usr/include/gnome-desktop-4.0 -I/usr/include/libxml2 -I/usr/include/libseccomp -I/usr/include/libadwaita-1 -I/usr/include/appstream -fdiagnostics-color=always -D_FILE_OFFSET_BITS=64 -Wall -Winvalid-pch -O2 -Wall -U_FORTIFY_SOURCE -D_FORTIFY_SOURCE=3 -fstack-protector-strong -funwind-tables -fasynchronous-unwind-tables -fstack-clash-protection -Werror=return-type -flto=auto -mfpmath=sse -msse -msse2 -pthread -mfpmath=sse -msse -msse2 -mfpmath=sse -msse -msse2 -mfpmath=sse -msse -msse2 -mfpmath=sse -msse -msse2 -mfpmath=sse -msse -msse2 -MD -MQ src/xdg-desktop-portal-gnome.p/notification.c.o -MF src/xdg-desktop-portal-gnome.p/notification.c.o.d -o src/xdg-desktop-portal-gnome.p/notification.c.o -c ../src/notification.c
[   21s] [54/115] cc -Isrc/xdg-desktop-portal-gnome.p -Isrc -I../src -Isubprojects/libgxdp/src -I../subprojects/libgxdp/src -I/usr/include/freetype2 -I/usr/include/glib-2.0 -I/usr/lib64/glib-2.0/include -I/usr/include/gio-unix-2.0 -I/usr/include/libmount -I/usr/include/blkid -I/usr/include/gtk-4.0 -I/usr/include/pango-1.0 -I/usr/include/fribidi -I/usr/include/harfbuzz -I/usr/include/gdk-pixbuf-2.0 -I/usr/include/cairo -I/usr/include/libpng16 -I/usr/include/pixman-1 -I/usr/include/graphene-1.0 -I/usr/lib64/graphene-1.0/include -I/usr/include/libxkbcommon -I/usr/include/wayland -I/usr/include/gtk-4.0/unix-print -I/usr/include/gsettings-desktop-schemas -I/usr/include/gnome-desktop-4.0 -I/usr/include/libxml2 -I/usr/include/libseccomp -I/usr/include/libadwaita-1 -I/usr/include/appstream -fdiagnostics-color=always -D_FILE_OFFSET_BITS=64 -Wall -Winvalid-pch -O2 -Wall -U_FORTIFY_SOURCE -D_FORTIFY_SOURCE=3 -fstack-protector-strong -funwind-tables -fasynchronous-unwind-tables -fstack-clash-protection -Werror=return-type -flto=auto -mfpmath=sse -msse -msse2 -pthread -mfpmath=sse -msse -msse2 -mfpmath=sse -msse -msse2 -mfpmath=sse -msse -msse2 -mfpmath=sse -msse -msse2 -mfpmath=sse -msse -msse2 -MD -MQ src/xdg-desktop-portal-gnome.p/request.c.o -MF src/xdg-desktop-portal-gnome.p/request.c.o.d -o src/xdg-desktop-portal-gnome.p/request.c.o -c ../src/request.c
[   21s] [55/115] cc -Isrc/xdg-desktop-portal-gnome.p -Isrc -I../src -Isubprojects/libgxdp/src -I../subprojects/libgxdp/src -I/usr/include/freetype2 -I/usr/include/glib-2.0 -I/usr/lib64/glib-2.0/include -I/usr/include/gio-unix-2.0 -I/usr/include/libmount -I/usr/include/blkid -I/usr/include/gtk-4.0 -I/usr/include/pango-1.0 -I/usr/include/fribidi -I/usr/include/harfbuzz -I/usr/include/gdk-pixbuf-2.0 -I/usr/include/cairo -I/usr/include/libpng16 -I/usr/include/pixman-1 -I/usr/include/graphene-1.0 -I/usr/lib64/graphene-1.0/include -I/usr/include/libxkbcommon -I/usr/include/wayland -I/usr/include/gtk-4.0/unix-print -I/usr/include/gsettings-desktop-schemas -I/usr/include/gnome-desktop-4.0 -I/usr/include/libxml2 -I/usr/include/libseccomp -I/usr/include/libadwaita-1 -I/usr/include/appstream -fdiagnostics-color=always -D_FILE_OFFSET_BITS=64 -Wall -Winvalid-pch -O2 -Wall -U_FORTIFY_SOURCE -D_FORTIFY_SOURCE=3 -fstack-protector-strong -funwind-tables -fasynchronous-unwind-tables -fstack-clash-protection -Werror=return-type -flto=auto -mfpmath=sse -msse -msse2 -pthread -mfpmath=sse -msse -msse2 -mfpmath=sse -msse -msse2 -mfpmath=sse -msse -msse2 -mfpmath=sse -msse -msse2 -mfpmath=sse -msse -msse2 -MD -MQ src/xdg-desktop-portal-gnome.p/print.c.o -MF src/xdg-desktop-portal-gnome.p/print.c.o.d -o src/xdg-desktop-portal-gnome.p/print.c.o -c ../src/print.c
[   21s] ../src/print.c: In function ‘handle_prepare_print’:
[   21s] ../src/print.c:692:7: warning: ‘gtk_dialog_get_widget_for_response’ is deprecated [-Wdeprecated-declarations]
[   21s]   692 |       GtkWidget *button = gtk_dialog_get_widget_for_response (GTK_DIALOG (dialog), GTK_RESPONSE_OK);
[   21s]       |       ^~~~~~~~~
[   21s] In file included from /usr/include/gtk-4.0/gtk/deprecated/gtkappchooserdialog.h:31,
[   21s]                  from /usr/include/gtk-4.0/gtk/gtk.h:43,
[   21s]                  from ../src/print.c:28:
[   21s] /usr/include/gtk-4.0/gtk/deprecated/gtkdialog.h:164:12: note: declared here
[   21s]   164 | GtkWidget* gtk_dialog_get_widget_for_response (GtkDialog *dialog,
[   21s]       |            ^~~~~~~~~~~~~~~~~~~~~~~~~~~~~~~~~~
[   21s] [56/115] cc -Isrc/xdg-desktop-portal-gnome.p -Isrc -I../src -Isubprojects/libgxdp/src -I../subprojects/libgxdp/src -I/usr/include/freetype2 -I/usr/include/glib-2.0 -I/usr/lib64/glib-2.0/include -I/usr/include/gio-unix-2.0 -I/usr/include/libmount -I/usr/include/blkid -I/usr/include/gtk-4.0 -I/usr/include/pango-1.0 -I/usr/include/fribidi -I/usr/include/harfbuzz -I/usr/include/gdk-pixbuf-2.0 -I/usr/include/cairo -I/usr/include/libpng16 -I/usr/include/pixman-1 -I/usr/include/graphene-1.0 -I/usr/lib64/graphene-1.0/include -I/usr/include/libxkbcommon -I/usr/include/wayland -I/usr/include/gtk-4.0/unix-print -I/usr/include/gsettings-desktop-schemas -I/usr/include/gnome-desktop-4.0 -I/usr/include/libxml2 -I/usr/include/libseccomp -I/usr/include/libadwaita-1 -I/usr/include/appstream -fdiagnostics-color=always -D_FILE_OFFSET_BITS=64 -Wall -Winvalid-pch -O2 -Wall -U_FORTIFY_SOURCE -D_FORTIFY_SOURCE=3 -fstack-protector-strong -funwind-tables -fasynchronous-unwind-tables -fstack-clash-protection -Werror=return-type -flto=auto -mfpmath=sse -msse -msse2 -pthread -mfpmath=sse -msse -msse2 -mfpmath=sse -msse -msse2 -mfpmath=sse -msse -msse2 -mfpmath=sse -msse -msse2 -mfpmath=sse -msse -msse2 -MD -MQ src/xdg-desktop-portal-gnome.p/remotedesktop.c.o -MF src/xdg-desktop-portal-gnome.p/remotedesktop.c.o.d -o src/xdg-desktop-portal-gnome.p/remotedesktop.c.o -c ../src/remotedesktop.c
[   21s] [57/115] cc -Isrc/xdg-desktop-portal-gnome.p -Isrc -I../src -Isubprojects/libgxdp/src -I../subprojects/libgxdp/src -I/usr/include/freetype2 -I/usr/include/glib-2.0 -I/usr/lib64/glib-2.0/include -I/usr/include/gio-unix-2.0 -I/usr/include/libmount -I/usr/include/blkid -I/usr/include/gtk-4.0 -I/usr/include/pango-1.0 -I/usr/include/fribidi -I/usr/include/harfbuzz -I/usr/include/gdk-pixbuf-2.0 -I/usr/include/cairo -I/usr/include/libpng16 -I/usr/include/pixman-1 -I/usr/include/graphene-1.0 -I/usr/lib64/graphene-1.0/include -I/usr/include/libxkbcommon -I/usr/include/wayland -I/usr/include/gtk-4.0/unix-print -I/usr/include/gsettings-desktop-schemas -I/usr/include/gnome-desktop-4.0 -I/usr/include/libxml2 -I/usr/include/libseccomp -I/usr/include/libadwaita-1 -I/usr/include/appstream -fdiagnostics-color=always -D_FILE_OFFSET_BITS=64 -Wall -Winvalid-pch -O2 -Wall -U_FORTIFY_SOURCE -D_FORTIFY_SOURCE=3 -fstack-protector-strong -funwind-tables -fasynchronous-unwind-tables -fstack-clash-protection -Werror=return-type -flto=auto -mfpmath=sse -msse -msse2 -pthread -mfpmath=sse -msse -msse2 -mfpmath=sse -msse -msse2 -mfpmath=sse -msse -msse2 -mfpmath=sse -msse -msse2 -mfpmath=sse -msse -msse2 -MD -MQ src/xdg-desktop-portal-gnome.p/remotedesktopdialog.c.o -MF src/xdg-desktop-portal-gnome.p/remotedesktopdialog.c.o.d -o src/xdg-desktop-portal-gnome.p/remotedesktopdialog.c.o -c ../src/remotedesktopdialog.c
[   22s] [58/115] cc -Isrc/xdg-desktop-portal-gnome.p -Isrc -I../src -Isubprojects/libgxdp/src -I../subprojects/libgxdp/src -I/usr/include/freetype2 -I/usr/include/glib-2.0 -I/usr/lib64/glib-2.0/include -I/usr/include/gio-unix-2.0 -I/usr/include/libmount -I/usr/include/blkid -I/usr/include/gtk-4.0 -I/usr/include/pango-1.0 -I/usr/include/fribidi -I/usr/include/harfbuzz -I/usr/include/gdk-pixbuf-2.0 -I/usr/include/cairo -I/usr/include/libpng16 -I/usr/include/pixman-1 -I/usr/include/graphene-1.0 -I/usr/lib64/graphene-1.0/include -I/usr/include/libxkbcommon -I/usr/include/wayland -I/usr/include/gtk-4.0/unix-print -I/usr/include/gsettings-desktop-schemas -I/usr/include/gnome-desktop-4.0 -I/usr/include/libxml2 -I/usr/include/libseccomp -I/usr/include/libadwaita-1 -I/usr/include/appstream -fdiagnostics-color=always -D_FILE_OFFSET_BITS=64 -Wall -Winvalid-pch -O2 -Wall -U_FORTIFY_SOURCE -D_FORTIFY_SOURCE=3 -fstack-protector-strong -funwind-tables -fasynchronous-unwind-tables -fstack-clash-protection -Werror=return-type -flto=auto -mfpmath=sse -msse -msse2 -pthread -mfpmath=sse -msse -msse2 -mfpmath=sse -msse -msse2 -mfpmath=sse -msse -msse2 -mfpmath=sse -msse -msse2 -mfpmath=sse -msse -msse2 -MD -MQ src/xdg-desktop-portal-gnome.p/screenshot.c.o -MF src/xdg-desktop-portal-gnome.p/screenshot.c.o.d -o src/xdg-desktop-portal-gnome.p/screenshot.c.o -c ../src/screenshot.c
[   22s] [59/115] cc -Isrc/xdg-desktop-portal-gnome.p -Isrc -I../src -Isubprojects/libgxdp/src -I../subprojects/libgxdp/src -I/usr/include/freetype2 -I/usr/include/glib-2.0 -I/usr/lib64/glib-2.0/include -I/usr/include/gio-unix-2.0 -I/usr/include/libmount -I/usr/include/blkid -I/usr/include/gtk-4.0 -I/usr/include/pango-1.0 -I/usr/include/fribidi -I/usr/include/harfbuzz -I/usr/include/gdk-pixbuf-2.0 -I/usr/include/cairo -I/usr/include/libpng16 -I/usr/include/pixman-1 -I/usr/include/graphene-1.0 -I/usr/lib64/graphene-1.0/include -I/usr/include/libxkbcommon -I/usr/include/wayland -I/usr/include/gtk-4.0/unix-print -I/usr/include/gsettings-desktop-schemas -I/usr/include/gnome-desktop-4.0 -I/usr/include/libxml2 -I/usr/include/libseccomp -I/usr/include/libadwaita-1 -I/usr/include/appstream -fdiagnostics-color=always -D_FILE_OFFSET_BITS=64 -Wall -Winvalid-pch -O2 -Wall -U_FORTIFY_SOURCE -D_FORTIFY_SOURCE=3 -fstack-protector-strong -funwind-tables -fasynchronous-unwind-tables -fstack-clash-protection -Werror=return-type -flto=auto -mfpmath=sse -msse -msse2 -pthread -mfpmath=sse -msse -msse2 -mfpmath=sse -msse -msse2 -mfpmath=sse -msse -msse2 -mfpmath=sse -msse -msse2 -mfpmath=sse -msse -msse2 -MD -MQ src/xdg-desktop-portal-gnome.p/screenshotdialog.c.o -MF src/xdg-desktop-portal-gnome.p/screenshotdialog.c.o.d -o src/xdg-desktop-portal-gnome.p/screenshotdialog.c.o -c ../src/screenshotdialog.c
[   22s] [60/115] cc -Isrc/xdg-desktop-portal-gnome.p -Isrc -I../src -Isubprojects/libgxdp/src -I../subprojects/libgxdp/src -I/usr/include/freetype2 -I/usr/include/glib-2.0 -I/usr/lib64/glib-2.0/include -I/usr/include/gio-unix-2.0 -I/usr/include/libmount -I/usr/include/blkid -I/usr/include/gtk-4.0 -I/usr/include/pango-1.0 -I/usr/include/fribidi -I/usr/include/harfbuzz -I/usr/include/gdk-pixbuf-2.0 -I/usr/include/cairo -I/usr/include/libpng16 -I/usr/include/pixman-1 -I/usr/include/graphene-1.0 -I/usr/lib64/graphene-1.0/include -I/usr/include/libxkbcommon -I/usr/include/wayland -I/usr/include/gtk-4.0/unix-print -I/usr/include/gsettings-desktop-schemas -I/usr/include/gnome-desktop-4.0 -I/usr/include/libxml2 -I/usr/include/libseccomp -I/usr/include/libadwaita-1 -I/usr/include/appstream -fdiagnostics-color=always -D_FILE_OFFSET_BITS=64 -Wall -Winvalid-pch -O2 -Wall -U_FORTIFY_SOURCE -D_FORTIFY_SOURCE=3 -fstack-protector-strong -funwind-tables -fasynchronous-unwind-tables -fstack-clash-protection -Werror=return-type -flto=auto -mfpmath=sse -msse -msse2 -pthread -mfpmath=sse -msse -msse2 -mfpmath=sse -msse -msse2 -mfpmath=sse -msse -msse2 -mfpmath=sse -msse -msse2 -mfpmath=sse -msse -msse2 -MD -MQ src/xdg-desktop-portal-gnome.p/screencastgeometrycontainer.c.o -MF src/xdg-desktop-portal-gnome.p/screencastgeometrycontainer.c.o.d -o src/xdg-desktop-portal-gnome.p/screencastgeometrycontainer.c.o -c ../src/screencastgeometrycontainer.c
[   22s] [61/115] cc -Isrc/xdg-desktop-portal-gnome.p -Isrc -I../src -Isubprojects/libgxdp/src -I../subprojects/libgxdp/src -I/usr/include/freetype2 -I/usr/include/glib-2.0 -I/usr/lib64/glib-2.0/include -I/usr/include/gio-unix-2.0 -I/usr/include/libmount -I/usr/include/blkid -I/usr/include/gtk-4.0 -I/usr/include/pango-1.0 -I/usr/include/fribidi -I/usr/include/harfbuzz -I/usr/include/gdk-pixbuf-2.0 -I/usr/include/cairo -I/usr/include/libpng16 -I/usr/include/pixman-1 -I/usr/include/graphene-1.0 -I/usr/lib64/graphene-1.0/include -I/usr/include/libxkbcommon -I/usr/include/wayland -I/usr/include/gtk-4.0/unix-print -I/usr/include/gsettings-desktop-schemas -I/usr/include/gnome-desktop-4.0 -I/usr/include/libxml2 -I/usr/include/libseccomp -I/usr/include/libadwaita-1 -I/usr/include/appstream -fdiagnostics-color=always -D_FILE_OFFSET_BITS=64 -Wall -Winvalid-pch -O2 -Wall -U_FORTIFY_SOURCE -D_FORTIFY_SOURCE=3 -fstack-protector-strong -funwind-tables -fasynchronous-unwind-tables -fstack-clash-protection -Werror=return-type -flto=auto -mfpmath=sse -msse -msse2 -pthread -mfpmath=sse -msse -msse2 -mfpmath=sse -msse -msse2 -mfpmath=sse -msse -msse2 -mfpmath=sse -msse -msse2 -mfpmath=sse -msse -msse2 -MD -MQ src/xdg-desktop-portal-gnome.p/screencast.c.o -MF src/xdg-desktop-portal-gnome.p/screencast.c.o.d -o src/xdg-desktop-portal-gnome.p/screencast.c.o -c ../src/screencast.c
[   22s] [62/115] cc -Isrc/xdg-desktop-portal-gnome.p -Isrc -I../src -Isubprojects/libgxdp/src -I../subprojects/libgxdp/src -I/usr/include/freetype2 -I/usr/include/glib-2.0 -I/usr/lib64/glib-2.0/include -I/usr/include/gio-unix-2.0 -I/usr/include/libmount -I/usr/include/blkid -I/usr/include/gtk-4.0 -I/usr/include/pango-1.0 -I/usr/include/fribidi -I/usr/include/harfbuzz -I/usr/include/gdk-pixbuf-2.0 -I/usr/include/cairo -I/usr/include/libpng16 -I/usr/include/pixman-1 -I/usr/include/graphene-1.0 -I/usr/lib64/graphene-1.0/include -I/usr/include/libxkbcommon -I/usr/include/wayland -I/usr/include/gtk-4.0/unix-print -I/usr/include/gsettings-desktop-schemas -I/usr/include/gnome-desktop-4.0 -I/usr/include/libxml2 -I/usr/include/libseccomp -I/usr/include/libadwaita-1 -I/usr/include/appstream -fdiagnostics-color=always -D_FILE_OFFSET_BITS=64 -Wall -Winvalid-pch -O2 -Wall -U_FORTIFY_SOURCE -D_FORTIFY_SOURCE=3 -fstack-protector-strong -funwind-tables -fasynchronous-unwind-tables -fstack-clash-protection -Werror=return-type -flto=auto -mfpmath=sse -msse -msse2 -pthread -mfpmath=sse -msse -msse2 -mfpmath=sse -msse -msse2 -mfpmath=sse -msse -msse2 -mfpmath=sse -msse -msse2 -mfpmath=sse -msse -msse2 -MD -MQ src/xdg-desktop-portal-gnome.p/session.c.o -MF src/xdg-desktop-portal-gnome.p/session.c.o.d -o src/xdg-desktop-portal-gnome.p/session.c.o -c ../src/session.c
[   22s] [63/115] cc -Isrc/xdg-desktop-portal-gnome.p -Isrc -I../src -Isubprojects/libgxdp/src -I../subprojects/libgxdp/src -I/usr/include/freetype2 -I/usr/include/glib-2.0 -I/usr/lib64/glib-2.0/include -I/usr/include/gio-unix-2.0 -I/usr/include/libmount -I/usr/include/blkid -I/usr/include/gtk-4.0 -I/usr/include/pango-1.0 -I/usr/include/fribidi -I/usr/include/harfbuzz -I/usr/include/gdk-pixbuf-2.0 -I/usr/include/cairo -I/usr/include/libpng16 -I/usr/include/pixman-1 -I/usr/include/graphene-1.0 -I/usr/lib64/graphene-1.0/include -I/usr/include/libxkbcommon -I/usr/include/wayland -I/usr/include/gtk-4.0/unix-print -I/usr/include/gsettings-desktop-schemas -I/usr/include/gnome-desktop-4.0 -I/usr/include/libxml2 -I/usr/include/libseccomp -I/usr/include/libadwaita-1 -I/usr/include/appstream -fdiagnostics-color=always -D_FILE_OFFSET_BITS=64 -Wall -Winvalid-pch -O2 -Wall -U_FORTIFY_SOURCE -D_FORTIFY_SOURCE=3 -fstack-protector-strong -funwind-tables -fasynchronous-unwind-tables -fstack-clash-protection -Werror=return-type -flto=auto -mfpmath=sse -msse -msse2 -pthread -mfpmath=sse -msse -msse2 -mfpmath=sse -msse -msse2 -mfpmath=sse -msse -msse2 -mfpmath=sse -msse -msse2 -mfpmath=sse -msse -msse2 -MD -MQ src/xdg-desktop-portal-gnome.p/shellintrospect.c.o -MF src/xdg-desktop-portal-gnome.p/shellintrospect.c.o.d -o src/xdg-desktop-portal-gnome.p/shellintrospect.c.o -c ../src/shellintrospect.c
[   22s] [64/115] cc -Isrc/xdg-desktop-portal-gnome.p -Isrc -I../src -Isubprojects/libgxdp/src -I../subprojects/libgxdp/src -I/usr/include/freetype2 -I/usr/include/glib-2.0 -I/usr/lib64/glib-2.0/include -I/usr/include/gio-unix-2.0 -I/usr/include/libmount -I/usr/include/blkid -I/usr/include/gtk-4.0 -I/usr/include/pango-1.0 -I/usr/include/fribidi -I/usr/include/harfbuzz -I/usr/include/gdk-pixbuf-2.0 -I/usr/include/cairo -I/usr/include/libpng16 -I/usr/include/pixman-1 -I/usr/include/graphene-1.0 -I/usr/lib64/graphene-1.0/include -I/usr/include/libxkbcommon -I/usr/include/wayland -I/usr/include/gtk-4.0/unix-print -I/usr/include/gsettings-desktop-schemas -I/usr/include/gnome-desktop-4.0 -I/usr/include/libxml2 -I/usr/include/libseccomp -I/usr/include/libadwaita-1 -I/usr/include/appstream -fdiagnostics-color=always -D_FILE_OFFSET_BITS=64 -Wall -Winvalid-pch -O2 -Wall -U_FORTIFY_SOURCE -D_FORTIFY_SOURCE=3 -fstack-protector-strong -funwind-tables -fasynchronous-unwind-tables -fstack-clash-protection -Werror=return-type -flto=auto -mfpmath=sse -msse -msse2 -pthread -mfpmath=sse -msse -msse2 -mfpmath=sse -msse -msse2 -mfpmath=sse -msse -msse2 -mfpmath=sse -msse -msse2 -mfpmath=sse -msse -msse2 -MD -MQ src/xdg-desktop-portal-gnome.p/screencastdialog.c.o -MF src/xdg-desktop-portal-gnome.p/screencastdialog.c.o.d -o src/xdg-desktop-portal-gnome.p/screencastdialog.c.o -c ../src/screencastdialog.c
[   22s] [65/115] cc -Isrc/xdg-desktop-portal-gnome.p -Isrc -I../src -Isubprojects/libgxdp/src -I../subprojects/libgxdp/src -I/usr/include/freetype2 -I/usr/include/glib-2.0 -I/usr/lib64/glib-2.0/include -I/usr/include/gio-unix-2.0 -I/usr/include/libmount -I/usr/include/blkid -I/usr/include/gtk-4.0 -I/usr/include/pango-1.0 -I/usr/include/fribidi -I/usr/include/harfbuzz -I/usr/include/gdk-pixbuf-2.0 -I/usr/include/cairo -I/usr/include/libpng16 -I/usr/include/pixman-1 -I/usr/include/graphene-1.0 -I/usr/lib64/graphene-1.0/include -I/usr/include/libxkbcommon -I/usr/include/wayland -I/usr/include/gtk-4.0/unix-print -I/usr/include/gsettings-desktop-schemas -I/usr/include/gnome-desktop-4.0 -I/usr/include/libxml2 -I/usr/include/libseccomp -I/usr/include/libadwaita-1 -I/usr/include/appstream -fdiagnostics-color=always -D_FILE_OFFSET_BITS=64 -Wall -Winvalid-pch -O2 -Wall -U_FORTIFY_SOURCE -D_FORTIFY_SOURCE=3 -fstack-protector-strong -funwind-tables -fasynchronous-unwind-tables -fstack-clash-protection -Werror=return-type -flto=auto -mfpmath=sse -msse -msse2 -pthread -mfpmath=sse -msse -msse2 -mfpmath=sse -msse -msse2 -mfpmath=sse -msse -msse2 -mfpmath=sse -msse -msse2 -mfpmath=sse -msse -msse2 -MD -MQ src/xdg-desktop-portal-gnome.p/screencastwidget.c.o -MF src/xdg-desktop-portal-gnome.p/screencastwidget.c.o.d -o src/xdg-desktop-portal-gnome.p/screencastwidget.c.o -c ../src/screencastwidget.c
[   22s] [66/115] cc -Isrc/xdg-desktop-portal-gnome.p -Isrc -I../src -Isubprojects/libgxdp/src -I../subprojects/libgxdp/src -I/usr/include/freetype2 -I/usr/include/glib-2.0 -I/usr/lib64/glib-2.0/include -I/usr/include/gio-unix-2.0 -I/usr/include/libmount -I/usr/include/blkid -I/usr/include/gtk-4.0 -I/usr/include/pango-1.0 -I/usr/include/fribidi -I/usr/include/harfbuzz -I/usr/include/gdk-pixbuf-2.0 -I/usr/include/cairo -I/usr/include/libpng16 -I/usr/include/pixman-1 -I/usr/include/graphene-1.0 -I/usr/lib64/graphene-1.0/include -I/usr/include/libxkbcommon -I/usr/include/wayland -I/usr/include/gtk-4.0/unix-print -I/usr/include/gsettings-desktop-schemas -I/usr/include/gnome-desktop-4.0 -I/usr/include/libxml2 -I/usr/include/libseccomp -I/usr/include/libadwaita-1 -I/usr/include/appstream -fdiagnostics-color=always -D_FILE_OFFSET_BITS=64 -Wall -Winvalid-pch -O2 -Wall -U_FORTIFY_SOURCE -D_FORTIFY_SOURCE=3 -fstack-protector-strong -funwind-tables -fasynchronous-unwind-tables -fstack-clash-protection -Werror=return-type -flto=auto -mfpmath=sse -msse -msse2 -pthread -mfpmath=sse -msse -msse2 -mfpmath=sse -msse -msse2 -mfpmath=sse -msse -msse2 -mfpmath=sse -msse -msse2 -mfpmath=sse -msse -msse2 -MD -MQ src/xdg-desktop-portal-gnome.p/settings.c.o -MF src/xdg-desktop-portal-gnome.p/settings.c.o.d -o src/xdg-desktop-portal-gnome.p/settings.c.o -c ../src/settings.c
[   22s] [67/115] cc -Isrc/xdg-desktop-portal-gnome.p -Isrc -I../src -Isubprojects/libgxdp/src -I../subprojects/libgxdp/src -I/usr/include/freetype2 -I/usr/include/glib-2.0 -I/usr/lib64/glib-2.0/include -I/usr/include/gio-unix-2.0 -I/usr/include/libmount -I/usr/include/blkid -I/usr/include/gtk-4.0 -I/usr/include/pango-1.0 -I/usr/include/fribidi -I/usr/include/harfbuzz -I/usr/include/gdk-pixbuf-2.0 -I/usr/include/cairo -I/usr/include/libpng16 -I/usr/include/pixman-1 -I/usr/include/graphene-1.0 -I/usr/lib64/graphene-1.0/include -I/usr/include/libxkbcommon -I/usr/include/wayland -I/usr/include/gtk-4.0/unix-print -I/usr/include/gsettings-desktop-schemas -I/usr/include/gnome-desktop-4.0 -I/usr/include/libxml2 -I/usr/include/libseccomp -I/usr/include/libadwaita-1 -I/usr/include/appstream -fdiagnostics-color=always -D_FILE_OFFSET_BITS=64 -Wall -Winvalid-pch -O2 -Wall -U_FORTIFY_SOURCE -D_FORTIFY_SOURCE=3 -fstack-protector-strong -funwind-tables -fasynchronous-unwind-tables -fstack-clash-protection -Werror=return-type -flto=auto -mfpmath=sse -msse -msse2 -pthread -mfpmath=sse -msse -msse2 -mfpmath=sse -msse -msse2 -mfpmath=sse -msse -msse2 -mfpmath=sse -msse -msse2 -mfpmath=sse -msse -msse2 -MD -MQ src/xdg-desktop-portal-gnome.p/utils.c.o -MF src/xdg-desktop-portal-gnome.p/utils.c.o.d -o src/xdg-desktop-portal-gnome.p/utils.c.o -c ../src/utils.c
[   22s] [68/115] cc -Isrc/xdg-desktop-portal-gnome.p -Isrc -I../src -Isubprojects/libgxdp/src -I../subprojects/libgxdp/src -I/usr/include/freetype2 -I/usr/include/glib-2.0 -I/usr/lib64/glib-2.0/include -I/usr/include/gio-unix-2.0 -I/usr/include/libmount -I/usr/include/blkid -I/usr/include/gtk-4.0 -I/usr/include/pango-1.0 -I/usr/include/fribidi -I/usr/include/harfbuzz -I/usr/include/gdk-pixbuf-2.0 -I/usr/include/cairo -I/usr/include/libpng16 -I/usr/include/pixman-1 -I/usr/include/graphene-1.0 -I/usr/lib64/graphene-1.0/include -I/usr/include/libxkbcommon -I/usr/include/wayland -I/usr/include/gtk-4.0/unix-print -I/usr/include/gsettings-desktop-schemas -I/usr/include/gnome-desktop-4.0 -I/usr/include/libxml2 -I/usr/include/libseccomp -I/usr/include/libadwaita-1 -I/usr/include/appstream -fdiagnostics-color=always -D_FILE_OFFSET_BITS=64 -Wall -Winvalid-pch -O2 -Wall -U_FORTIFY_SOURCE -D_FORTIFY_SOURCE=3 -fstack-protector-strong -funwind-tables -fasynchronous-unwind-tables -fstack-clash-protection -Werror=return-type -flto=auto -mfpmath=sse -msse -msse2 -pthread -mfpmath=sse -msse -msse2 -mfpmath=sse -msse -msse2 -mfpmath=sse -msse -msse2 -mfpmath=sse -msse -msse2 -mfpmath=sse -msse -msse2 -MD -MQ src/xdg-desktop-portal-gnome.p/usbdialog.c.o -MF src/xdg-desktop-portal-gnome.p/usbdialog.c.o.d -o src/xdg-desktop-portal-gnome.p/usbdialog.c.o -c ../src/usbdialog.c
[   22s] [69/115] cc -Isrc/xdg-desktop-portal-gnome.p -Isrc -I../src -Isubprojects/libgxdp/src -I../subprojects/libgxdp/src -I/usr/include/freetype2 -I/usr/include/glib-2.0 -I/usr/lib64/glib-2.0/include -I/usr/include/gio-unix-2.0 -I/usr/include/libmount -I/usr/include/blkid -I/usr/include/gtk-4.0 -I/usr/include/pango-1.0 -I/usr/include/fribidi -I/usr/include/harfbuzz -I/usr/include/gdk-pixbuf-2.0 -I/usr/include/cairo -I/usr/include/libpng16 -I/usr/include/pixman-1 -I/usr/include/graphene-1.0 -I/usr/lib64/graphene-1.0/include -I/usr/include/libxkbcommon -I/usr/include/wayland -I/usr/include/gtk-4.0/unix-print -I/usr/include/gsettings-desktop-schemas -I/usr/include/gnome-desktop-4.0 -I/usr/include/libxml2 -I/usr/include/libseccomp -I/usr/include/libadwaita-1 -I/usr/include/appstream -fdiagnostics-color=always -D_FILE_OFFSET_BITS=64 -Wall -Winvalid-pch -O2 -Wall -U_FORTIFY_SOURCE -D_FORTIFY_SOURCE=3 -fstack-protector-strong -funwind-tables -fasynchronous-unwind-tables -fstack-clash-protection -Werror=return-type -flto=auto -mfpmath=sse -msse -msse2 -pthread -mfpmath=sse -msse -msse2 -mfpmath=sse -msse -msse2 -mfpmath=sse -msse -msse2 -mfpmath=sse -msse -msse2 -mfpmath=sse -msse -msse2 -MD -MQ src/xdg-desktop-portal-gnome.p/usb.c.o -MF src/xdg-desktop-portal-gnome.p/usb.c.o.d -o src/xdg-desktop-portal-gnome.p/usb.c.o -c ../src/usb.c
[   23s] [70/115] cc -Isrc/xdg-desktop-portal-gnome.p -Isrc -I../src -Isubprojects/libgxdp/src -I../subprojects/libgxdp/src -I/usr/include/freetype2 -I/usr/include/glib-2.0 -I/usr/lib64/glib-2.0/include -I/usr/include/gio-unix-2.0 -I/usr/include/libmount -I/usr/include/blkid -I/usr/include/gtk-4.0 -I/usr/include/pango-1.0 -I/usr/include/fribidi -I/usr/include/harfbuzz -I/usr/include/gdk-pixbuf-2.0 -I/usr/include/cairo -I/usr/include/libpng16 -I/usr/include/pixman-1 -I/usr/include/graphene-1.0 -I/usr/lib64/graphene-1.0/include -I/usr/include/libxkbcommon -I/usr/include/wayland -I/usr/include/gtk-4.0/unix-print -I/usr/include/gsettings-desktop-schemas -I/usr/include/gnome-desktop-4.0 -I/usr/include/libxml2 -I/usr/include/libseccomp -I/usr/include/libadwaita-1 -I/usr/include/appstream -fdiagnostics-color=always -D_FILE_OFFSET_BITS=64 -Wall -Winvalid-pch -O2 -Wall -U_FORTIFY_SOURCE -D_FORTIFY_SOURCE=3 -fstack-protector-strong -funwind-tables -fasynchronous-unwind-tables -fstack-clash-protection -Werror=return-type -flto=auto -mfpmath=sse -msse -msse2 -pthread -mfpmath=sse -msse -msse2 -mfpmath=sse -msse -msse2 -mfpmath=sse -msse -msse2 -mfpmath=sse -msse -msse2 -mfpmath=sse -msse -msse2 -MD -MQ src/xdg-desktop-portal-gnome.p/wallpaperdialog.c.o -MF src/xdg-desktop-portal-gnome.p/wallpaperdialog.c.o.d -o src/xdg-desktop-portal-gnome.p/wallpaperdialog.c.o -c ../src/wallpaperdialog.c
[   23s] [71/115] cc -Isrc/xdg-desktop-portal-gnome.p -Isrc -I../src -Isubprojects/libgxdp/src -I../subprojects/libgxdp/src -I/usr/include/freetype2 -I/usr/include/glib-2.0 -I/usr/lib64/glib-2.0/include -I/usr/include/gio-unix-2.0 -I/usr/include/libmount -I/usr/include/blkid -I/usr/include/gtk-4.0 -I/usr/include/pango-1.0 -I/usr/include/fribidi -I/usr/include/harfbuzz -I/usr/include/gdk-pixbuf-2.0 -I/usr/include/cairo -I/usr/include/libpng16 -I/usr/include/pixman-1 -I/usr/include/graphene-1.0 -I/usr/lib64/graphene-1.0/include -I/usr/include/libxkbcommon -I/usr/include/wayland -I/usr/include/gtk-4.0/unix-print -I/usr/include/gsettings-desktop-schemas -I/usr/include/gnome-desktop-4.0 -I/usr/include/libxml2 -I/usr/include/libseccomp -I/usr/include/libadwaita-1 -I/usr/include/appstream -fdiagnostics-color=always -D_FILE_OFFSET_BITS=64 -Wall -Winvalid-pch -O2 -Wall -U_FORTIFY_SOURCE -D_FORTIFY_SOURCE=3 -fstack-protector-strong -funwind-tables -fasynchronous-unwind-tables -fstack-clash-protection -Werror=return-type -flto=auto -mfpmath=sse -msse -msse2 -pthread -mfpmath=sse -msse -msse2 -mfpmath=sse -msse -msse2 -mfpmath=sse -msse -msse2 -mfpmath=sse -msse -msse2 -mfpmath=sse -msse -msse2 -MD -MQ src/xdg-desktop-portal-gnome.p/wallpaperpreview.c.o -MF src/xdg-desktop-portal-gnome.p/wallpaperpreview.c.o.d -o src/xdg-desktop-portal-gnome.p/wallpaperpreview.c.o -c ../src/wallpaperpreview.c
[   23s] [72/115] cc -Isrc/xdg-desktop-portal-gnome.p -Isrc -I../src -Isubprojects/libgxdp/src -I../subprojects/libgxdp/src -I/usr/include/freetype2 -I/usr/include/glib-2.0 -I/usr/lib64/glib-2.0/include -I/usr/include/gio-unix-2.0 -I/usr/include/libmount -I/usr/include/blkid -I/usr/include/gtk-4.0 -I/usr/include/pango-1.0 -I/usr/include/fribidi -I/usr/include/harfbuzz -I/usr/include/gdk-pixbuf-2.0 -I/usr/include/cairo -I/usr/include/libpng16 -I/usr/include/pixman-1 -I/usr/include/graphene-1.0 -I/usr/lib64/graphene-1.0/include -I/usr/include/libxkbcommon -I/usr/include/wayland -I/usr/include/gtk-4.0/unix-print -I/usr/include/gsettings-desktop-schemas -I/usr/include/gnome-desktop-4.0 -I/usr/include/libxml2 -I/usr/include/libseccomp -I/usr/include/libadwaita-1 -I/usr/include/appstream -fdiagnostics-color=always -D_FILE_OFFSET_BITS=64 -Wall -Winvalid-pch -O2 -Wall -U_FORTIFY_SOURCE -D_FORTIFY_SOURCE=3 -fstack-protector-strong -funwind-tables -fasynchronous-unwind-tables -fstack-clash-protection -Werror=return-type -flto=auto -mfpmath=sse -msse -msse2 -pthread -mfpmath=sse -msse -msse2 -mfpmath=sse -msse -msse2 -mfpmath=sse -msse -msse2 -mfpmath=sse -msse -msse2 -mfpmath=sse -msse -msse2 -MD -MQ src/xdg-desktop-portal-gnome.p/wallpaper.c.o -MF src/xdg-desktop-portal-gnome.p/wallpaper.c.o.d -o src/xdg-desktop-portal-gnome.p/wallpaper.c.o -c ../src/wallpaper.c
[   23s] [73/115] cc -Isrc/xdg-desktop-portal-gnome.p -Isrc -I../src -Isubprojects/libgxdp/src -I../subprojects/libgxdp/src -I/usr/include/freetype2 -I/usr/include/glib-2.0 -I/usr/lib64/glib-2.0/include -I/usr/include/gio-unix-2.0 -I/usr/include/libmount -I/usr/include/blkid -I/usr/include/gtk-4.0 -I/usr/include/pango-1.0 -I/usr/include/fribidi -I/usr/include/harfbuzz -I/usr/include/gdk-pixbuf-2.0 -I/usr/include/cairo -I/usr/include/libpng16 -I/usr/include/pixman-1 -I/usr/include/graphene-1.0 -I/usr/lib64/graphene-1.0/include -I/usr/include/libxkbcommon -I/usr/include/wayland -I/usr/include/gtk-4.0/unix-print -I/usr/include/gsettings-desktop-schemas -I/usr/include/gnome-desktop-4.0 -I/usr/include/libxml2 -I/usr/include/libseccomp -I/usr/include/libadwaita-1 -I/usr/include/appstream -fdiagnostics-color=always -D_FILE_OFFSET_BITS=64 -Wall -Winvalid-pch -O2 -Wall -U_FORTIFY_SOURCE -D_FORTIFY_SOURCE=3 -fstack-protector-strong -funwind-tables -fasynchronous-unwind-tables -fstack-clash-protection -Werror=return-type -flto=auto -mfpmath=sse -msse -msse2 -pthread -mfpmath=sse -msse -msse2 -mfpmath=sse -msse -msse2 -mfpmath=sse -msse -msse2 -mfpmath=sse -msse -msse2 -mfpmath=sse -msse -msse2 -MD -MQ src/xdg-desktop-portal-gnome.p/xdg-desktop-portal-gnome.c.o -MF src/xdg-desktop-portal-gnome.p/xdg-desktop-portal-gnome.c.o.d -o src/xdg-desktop-portal-gnome.p/xdg-desktop-portal-gnome.c.o -c ../src/xdg-desktop-portal-gnome.c
[   23s] [74/115] cc -Isrc/xdg-desktop-portal-gnome.p -Isrc -I../src -Isubprojects/libgxdp/src -I../subprojects/libgxdp/src -I/usr/include/freetype2 -I/usr/include/glib-2.0 -I/usr/lib64/glib-2.0/include -I/usr/include/gio-unix-2.0 -I/usr/include/libmount -I/usr/include/blkid -I/usr/include/gtk-4.0 -I/usr/include/pango-1.0 -I/usr/include/fribidi -I/usr/include/harfbuzz -I/usr/include/gdk-pixbuf-2.0 -I/usr/include/cairo -I/usr/include/libpng16 -I/usr/include/pixman-1 -I/usr/include/graphene-1.0 -I/usr/lib64/graphene-1.0/include -I/usr/include/libxkbcommon -I/usr/include/wayland -I/usr/include/gtk-4.0/unix-print -I/usr/include/gsettings-desktop-schemas -I/usr/include/gnome-desktop-4.0 -I/usr/include/libxml2 -I/usr/include/libseccomp -I/usr/include/libadwaita-1 -I/usr/include/appstream -fdiagnostics-color=always -D_FILE_OFFSET_BITS=64 -Wall -Winvalid-pch -O2 -Wall -U_FORTIFY_SOURCE -D_FORTIFY_SOURCE=3 -fstack-protector-strong -funwind-tables -fasynchronous-unwind-tables -fstack-clash-protection -Werror=return-type -flto=auto -mfpmath=sse -msse -msse2 -pthread -mfpmath=sse -msse -msse2 -mfpmath=sse -msse -msse2 -mfpmath=sse -msse -msse2 -mfpmath=sse -msse -msse2 -mfpmath=sse -msse -msse2 -MD -MQ src/xdg-desktop-portal-gnome.p/.._subprojects_libgxdp_src_gxdp.c.o -MF src/xdg-desktop-portal-gnome.p/.._subprojects_libgxdp_src_gxdp.c.o.d -o src/xdg-desktop-portal-gnome.p/.._subprojects_libgxdp_src_gxdp.c.o -c ../subprojects/libgxdp/src/gxdp.c
[   23s] [75/115] cc -Isrc/xdg-desktop-portal-gnome.p -Isrc -I../src -Isubprojects/libgxdp/src -I../subprojects/libgxdp/src -I/usr/include/freetype2 -I/usr/include/glib-2.0 -I/usr/lib64/glib-2.0/include -I/usr/include/gio-unix-2.0 -I/usr/include/libmount -I/usr/include/blkid -I/usr/include/gtk-4.0 -I/usr/include/pango-1.0 -I/usr/include/fribidi -I/usr/include/harfbuzz -I/usr/include/gdk-pixbuf-2.0 -I/usr/include/cairo -I/usr/include/libpng16 -I/usr/include/pixman-1 -I/usr/include/graphene-1.0 -I/usr/lib64/graphene-1.0/include -I/usr/include/libxkbcommon -I/usr/include/wayland -I/usr/include/gtk-4.0/unix-print -I/usr/include/gsettings-desktop-schemas -I/usr/include/gnome-desktop-4.0 -I/usr/include/libxml2 -I/usr/include/libseccomp -I/usr/include/libadwaita-1 -I/usr/include/appstream -fdiagnostics-color=always -D_FILE_OFFSET_BITS=64 -Wall -Winvalid-pch -O2 -Wall -U_FORTIFY_SOURCE -D_FORTIFY_SOURCE=3 -fstack-protector-strong -funwind-tables -fasynchronous-unwind-tables -fstack-clash-protection -Werror=return-type -flto=auto -mfpmath=sse -msse -msse2 -pthread -mfpmath=sse -msse -msse2 -mfpmath=sse -msse -msse2 -mfpmath=sse -msse -msse2 -mfpmath=sse -msse -msse2 -mfpmath=sse -msse -msse2 -MD -MQ src/xdg-desktop-portal-gnome.p/.._subprojects_libgxdp_src_gxdp-external-window.c.o -MF src/xdg-desktop-portal-gnome.p/.._subprojects_libgxdp_src_gxdp-external-window.c.o.d -o src/xdg-desktop-portal-gnome.p/.._subprojects_libgxdp_src_gxdp-external-window.c.o -c ../subprojects/libgxdp/src/gxdp-external-window.c
[   23s] [76/115] /usr/bin/msgfmt -o po/gl/LC_MESSAGES/xdg-desktop-portal-gnome.mo ../po/gl.po
[   23s] [77/115] /usr/bin/msgfmt -o po/he/LC_MESSAGES/xdg-desktop-portal-gnome.mo ../po/he.po
[   23s] [78/115] /usr/bin/msgfmt -o po/hi/LC_MESSAGES/xdg-desktop-portal-gnome.mo ../po/hi.po
[   23s] [79/115] /usr/bin/msgfmt -o po/hr/LC_MESSAGES/xdg-desktop-portal-gnome.mo ../po/hr.po
[   23s] [80/115] /usr/bin/msgfmt -o po/hu/LC_MESSAGES/xdg-desktop-portal-gnome.mo ../po/hu.po
[   23s] [81/115] /usr/bin/msgfmt -o po/ia/LC_MESSAGES/xdg-desktop-portal-gnome.mo ../po/ia.po
[   23s] [82/115] /usr/bin/msgfmt -o po/id/LC_MESSAGES/xdg-desktop-portal-gnome.mo ../po/id.po
[   23s] [83/115] /usr/bin/msgfmt -o po/ie/LC_MESSAGES/xdg-desktop-portal-gnome.mo ../po/ie.po
[   23s] [84/115] /usr/bin/msgfmt -o po/is/LC_MESSAGES/xdg-desktop-portal-gnome.mo ../po/is.po
[   23s] [85/115] /usr/bin/msgfmt -o po/it/LC_MESSAGES/xdg-desktop-portal-gnome.mo ../po/it.po
[   23s] [86/115] /usr/bin/msgfmt -o po/ja/LC_MESSAGES/xdg-desktop-portal-gnome.mo ../po/ja.po
[   23s] [87/115] /usr/bin/msgfmt -o po/ka/LC_MESSAGES/xdg-desktop-portal-gnome.mo ../po/ka.po
[   23s] [88/115] /usr/bin/msgfmt -o po/kab/LC_MESSAGES/xdg-desktop-portal-gnome.mo ../po/kab.po
[   23s] [89/115] /usr/bin/msgfmt -o po/kk/LC_MESSAGES/xdg-desktop-portal-gnome.mo ../po/kk.po
[   23s] [90/115] /usr/bin/msgfmt -o po/ko/LC_MESSAGES/xdg-desktop-portal-gnome.mo ../po/ko.po
[   23s] [91/115] /usr/bin/msgfmt -o po/lt/LC_MESSAGES/xdg-desktop-portal-gnome.mo ../po/lt.po
[   23s] [92/115] /usr/bin/msgfmt -o po/lv/LC_MESSAGES/xdg-desktop-portal-gnome.mo ../po/lv.po
[   23s] [93/115] /usr/bin/msgfmt -o po/nb/LC_MESSAGES/xdg-desktop-portal-gnome.mo ../po/nb.po
[   23s] [94/115] /usr/bin/msgfmt -o po/ne/LC_MESSAGES/xdg-desktop-portal-gnome.mo ../po/ne.po
[   23s] [95/115] /usr/bin/msgfmt -o po/nl/LC_MESSAGES/xdg-desktop-portal-gnome.mo ../po/nl.po
[   23s] [96/115] /usr/bin/msgfmt -o po/oc/LC_MESSAGES/xdg-desktop-portal-gnome.mo ../po/oc.po
[   23s] [97/115] /usr/bin/msgfmt -o po/pa/LC_MESSAGES/xdg-desktop-portal-gnome.mo ../po/pa.po
[   23s] [98/115] /usr/bin/msgfmt -o po/pl/LC_MESSAGES/xdg-desktop-portal-gnome.mo ../po/pl.po
[   23s] [99/115] /usr/bin/msgfmt -o po/pt/LC_MESSAGES/xdg-desktop-portal-gnome.mo ../po/pt.po
[   23s] [100/115] /usr/bin/msgfmt -o po/pt_BR/LC_MESSAGES/xdg-desktop-portal-gnome.mo ../po/pt_BR.po
[   23s] [101/115] /usr/bin/msgfmt -o po/ro/LC_MESSAGES/xdg-desktop-portal-gnome.mo ../po/ro.po
[   23s] [102/115] /usr/bin/msgfmt -o po/ru/LC_MESSAGES/xdg-desktop-portal-gnome.mo ../po/ru.po
[   23s] [103/115] /usr/bin/msgfmt -o po/sk/LC_MESSAGES/xdg-desktop-portal-gnome.mo ../po/sk.po
[   23s] [104/115] /usr/bin/msgfmt -o po/sl/LC_MESSAGES/xdg-desktop-portal-gnome.mo ../po/sl.po
[   23s] [105/115] /usr/bin/msgfmt -o po/sr/LC_MESSAGES/xdg-desktop-portal-gnome.mo ../po/sr.po
[   23s] [106/115] /usr/bin/msgfmt -o po/sv/LC_MESSAGES/xdg-desktop-portal-gnome.mo ../po/sv.po
[   23s] [107/115] /usr/bin/msgfmt -o po/th/LC_MESSAGES/xdg-desktop-portal-gnome.mo ../po/th.po
[   23s] [108/115] /usr/bin/msgfmt -o po/tr/LC_MESSAGES/xdg-desktop-portal-gnome.mo ../po/tr.po
[   23s] [109/115] /usr/bin/msgfmt -o po/uk/LC_MESSAGES/xdg-desktop-portal-gnome.mo ../po/uk.po
[   23s] [110/115] /usr/bin/msgfmt -o po/zh_CN/LC_MESSAGES/xdg-desktop-portal-gnome.mo ../po/zh_CN.po
[   23s] [111/115] /usr/bin/msgfmt -o po/zh_TW/LC_MESSAGES/xdg-desktop-portal-gnome.mo ../po/zh_TW.po
[   23s] [112/115] cc -Isrc/xdg-desktop-portal-gnome.p -Isrc -I../src -Isubprojects/libgxdp/src -I../subprojects/libgxdp/src -I/usr/include/freetype2 -I/usr/include/glib-2.0 -I/usr/lib64/glib-2.0/include -I/usr/include/gio-unix-2.0 -I/usr/include/libmount -I/usr/include/blkid -I/usr/include/gtk-4.0 -I/usr/include/pango-1.0 -I/usr/include/fribidi -I/usr/include/harfbuzz -I/usr/include/gdk-pixbuf-2.0 -I/usr/include/cairo -I/usr/include/libpng16 -I/usr/include/pixman-1 -I/usr/include/graphene-1.0 -I/usr/lib64/graphene-1.0/include -I/usr/include/libxkbcommon -I/usr/include/wayland -I/usr/include/gtk-4.0/unix-print -I/usr/include/gsettings-desktop-schemas -I/usr/include/gnome-desktop-4.0 -I/usr/include/libxml2 -I/usr/include/libseccomp -I/usr/include/libadwaita-1 -I/usr/include/appstream -fdiagnostics-color=always -D_FILE_OFFSET_BITS=64 -Wall -Winvalid-pch -O2 -Wall -U_FORTIFY_SOURCE -D_FORTIFY_SOURCE=3 -fstack-protector-strong -funwind-tables -fasynchronous-unwind-tables -fstack-clash-protection -Werror=return-type -flto=auto -mfpmath=sse -msse -msse2 -pthread -mfpmath=sse -msse -msse2 -mfpmath=sse -msse -msse2 -mfpmath=sse -msse -msse2 -mfpmath=sse -msse -msse2 -mfpmath=sse -msse -msse2 -MD -MQ src/xdg-desktop-portal-gnome.p/.._subprojects_libgxdp_src_gxdp-external-window-wayland.c.o -MF src/xdg-desktop-portal-gnome.p/.._subprojects_libgxdp_src_gxdp-external-window-wayland.c.o.d -o src/xdg-desktop-portal-gnome.p/.._subprojects_libgxdp_src_gxdp-external-window-wayland.c.o -c ../subprojects/libgxdp/src/gxdp-external-window-wayland.c
[   23s] [113/115] cc -Isrc/xdg-desktop-portal-gnome.p -Isrc -I../src -Isubprojects/libgxdp/src -I../subprojects/libgxdp/src -I/usr/include/freetype2 -I/usr/include/glib-2.0 -I/usr/lib64/glib-2.0/include -I/usr/include/gio-unix-2.0 -I/usr/include/libmount -I/usr/include/blkid -I/usr/include/gtk-4.0 -I/usr/include/pango-1.0 -I/usr/include/fribidi -I/usr/include/harfbuzz -I/usr/include/gdk-pixbuf-2.0 -I/usr/include/cairo -I/usr/include/libpng16 -I/usr/include/pixman-1 -I/usr/include/graphene-1.0 -I/usr/lib64/graphene-1.0/include -I/usr/include/libxkbcommon -I/usr/include/wayland -I/usr/include/gtk-4.0/unix-print -I/usr/include/gsettings-desktop-schemas -I/usr/include/gnome-desktop-4.0 -I/usr/include/libxml2 -I/usr/include/libseccomp -I/usr/include/libadwaita-1 -I/usr/include/appstream -fdiagnostics-color=always -D_FILE_OFFSET_BITS=64 -Wall -Winvalid-pch -O2 -Wall -U_FORTIFY_SOURCE -D_FORTIFY_SOURCE=3 -fstack-protector-strong -funwind-tables -fasynchronous-unwind-tables -fstack-clash-protection -Werror=return-type -flto=auto -mfpmath=sse -msse -msse2 -pthread -mfpmath=sse -msse -msse2 -mfpmath=sse -msse -msse2 -mfpmath=sse -msse -msse2 -mfpmath=sse -msse -msse2 -mfpmath=sse -msse -msse2 -MD -MQ src/xdg-desktop-portal-gnome.p/.._subprojects_libgxdp_src_gxdp-wayland.c.o -MF src/xdg-desktop-portal-gnome.p/.._subprojects_libgxdp_src_gxdp-wayland.c.o.d -o src/xdg-desktop-portal-gnome.p/.._subprojects_libgxdp_src_gxdp-wayland.c.o -c ../subprojects/libgxdp/src/gxdp-wayland.c
[   23s] [114/115] cc -Isrc/xdg-desktop-portal-gnome.p -Isrc -I../src -Isubprojects/libgxdp/src -I../subprojects/libgxdp/src -I/usr/include/freetype2 -I/usr/include/glib-2.0 -I/usr/lib64/glib-2.0/include -I/usr/include/gio-unix-2.0 -I/usr/include/libmount -I/usr/include/blkid -I/usr/include/gtk-4.0 -I/usr/include/pango-1.0 -I/usr/include/fribidi -I/usr/include/harfbuzz -I/usr/include/gdk-pixbuf-2.0 -I/usr/include/cairo -I/usr/include/libpng16 -I/usr/include/pixman-1 -I/usr/include/graphene-1.0 -I/usr/lib64/graphene-1.0/include -I/usr/include/libxkbcommon -I/usr/include/wayland -I/usr/include/gtk-4.0/unix-print -I/usr/include/gsettings-desktop-schemas -I/usr/include/gnome-desktop-4.0 -I/usr/include/libxml2 -I/usr/include/libseccomp -I/usr/include/libadwaita-1 -I/usr/include/appstream -fdiagnostics-color=always -D_FILE_OFFSET_BITS=64 -Wall -Winvalid-pch -O2 -Wall -U_FORTIFY_SOURCE -D_FORTIFY_SOURCE=3 -fstack-protector-strong -funwind-tables -fasynchronous-unwind-tables -fstack-clash-protection -Werror=return-type -flto=auto -mfpmath=sse -msse -msse2 -pthread -mfpmath=sse -msse -msse2 -mfpmath=sse -msse -msse2 -mfpmath=sse -msse -msse2 -mfpmath=sse -msse -msse2 -mfpmath=sse -msse -msse2 -MD -MQ src/xdg-desktop-portal-gnome.p/.._subprojects_libgxdp_src_gxdp-external-window-x11.c.o -MF src/xdg-desktop-portal-gnome.p/.._subprojects_libgxdp_src_gxdp-external-window-x11.c.o.d -o src/xdg-desktop-portal-gnome.p/.._subprojects_libgxdp_src_gxdp-external-window-x11.c.o -c ../subprojects/libgxdp/src/gxdp-external-window-x11.c
[   23s] ../subprojects/libgxdp/src/gxdp-external-window-x11.c: In function ‘gxdp_external_window_x11_set_parent_of’:
[   23s] ../subprojects/libgxdp/src/gxdp-external-window-x11.c:90:3: warning: ‘gdk_x11_display_get_xdisplay’ is deprecated [-Wdeprecated-declarations]
[   23s]    90 |   xdisplay = gdk_x11_display_get_xdisplay (display);
[   23s]       |   ^~~~~~~~
[   23s] In file included from /usr/include/gtk-4.0/gdk/x11/gdkx.h:39,
[   23s]                  from ../subprojects/libgxdp/src/gxdp-external-window-x11.c:26:
[   23s] /usr/include/gtk-4.0/gdk/x11/gdkx11display.h:60:15: note: declared here
[   23s]    60 | Display *     gdk_x11_display_get_xdisplay     (GdkDisplay  *display);
[   23s]       |               ^~~~~~~~~~~~~~~~~~~~~~~~~~~~
[   23s] ../subprojects/libgxdp/src/gxdp-external-window-x11.c:93:25: warning: ‘gdk_x11_surface_get_xid’ is deprecated [-Wdeprecated-declarations]
[   23s]    93 |                         GDK_SURFACE_XID (surface),
[   23s]       |                         ^~~~~~~~~~~~~~~
[   23s] In file included from /usr/include/gtk-4.0/gdk/x11/gdkx.h:47:
[   23s] /usr/include/gtk-4.0/gdk/x11/gdkx11surface.h:56:10: note: declared here
[   23s]    56 | Window   gdk_x11_surface_get_xid           (GdkSurface   *surface);
[   23s]       |          ^~~~~~~~~~~~~~~~~~~~~~~
[   23s] ../subprojects/libgxdp/src/gxdp-external-window-x11.c:97:5: warning: ‘gdk_x11_get_xatom_by_name_for_display’ is deprecated [-Wdeprecated-declarations]
[   23s]    97 |     gdk_x11_get_xatom_by_name_for_display (display, "_NET_WM_WINDOW_TYPE"),
[   23s]       |     ^~~~~~~~~~~~~~~~~~~~~~~~~~~~~~~~~~~~~
[   23s] In file included from /usr/include/gtk-4.0/gdk/x11/gdkx.h:43:
[   23s] /usr/include/gtk-4.0/gdk/x11/gdkx11property.h:39:23: note: declared here
[   23s]    39 | Atom                  gdk_x11_get_xatom_by_name_for_display (GdkDisplay  *display,
[   23s]       |                       ^~~~~~~~~~~~~~~~~~~~~~~~~~~~~~~~~~~~~
[   23s] ../subprojects/libgxdp/src/gxdp-external-window-x11.c:99:5: warning: ‘gdk_x11_get_xatom_by_name_for_display’ is deprecated [-Wdeprecated-declarations]
[   23s]    99 |     gdk_x11_get_xatom_by_name_for_display (display, "_NET_WM_WINDOW_TYPE_DIALOG");
[   23s]       |     ^~~~~~~~~~~~~~~~~~~~~~~~~~~~~~~~~~~~~
[   23s] /usr/include/gtk-4.0/gdk/x11/gdkx11property.h:39:23: note: declared here
[   23s]    39 | Atom                  gdk_x11_get_xatom_by_name_for_display (GdkDisplay  *display,
[   23s]       |                       ^~~~~~~~~~~~~~~~~~~~~~~~~~~~~~~~~~~~~
[   23s] ../subprojects/libgxdp/src/gxdp-external-window-x11.c:101:20: warning: ‘gdk_x11_surface_get_xid’ is deprecated [-Wdeprecated-declarations]
[   23s]   101 |                    GDK_SURFACE_XID (surface),
[   23s]       |                    ^~~~~~~~~~~~~~~
[   23s] /usr/include/gtk-4.0/gdk/x11/gdkx11surface.h:56:10: note: declared here
[   23s]    56 | Window   gdk_x11_surface_get_xid           (GdkSurface   *surface);
[   23s]       |          ^~~~~~~~~~~~~~~~~~~~~~~
[   25s] [115/115] cc  -o src/xdg-desktop-portal-gnome src/xdg-desktop-portal-gnome.p/meson-generated_.._xdg-desktop-portal-dbus.c.o src/xdg-desktop-portal-gnome.p/meson-generated_.._shell-dbus.c.o src/xdg-desktop-portal-gnome.p/meson-generated_.._xdg-desktop-portal-gnome-resources.c.o src/xdg-desktop-portal-gnome.p/meson-generated_.._.._subprojects_libgxdp_src_gxdp-dbus.c.o src/xdg-desktop-portal-gnome.p/meson-generated_.._.._subprojects_libgxdp_src_mutter-x11-interop-protocol.c.o src/xdg-desktop-portal-gnome.p/access.c.o src/xdg-desktop-portal-gnome.p/account.c.o src/xdg-desktop-portal-gnome.p/accountdialog.c.o src/xdg-desktop-portal-gnome.p/appchooser.c.o src/xdg-desktop-portal-gnome.p/appchooserrow.c.o src/xdg-desktop-portal-gnome.p/appchooserdialog.c.o src/xdg-desktop-portal-gnome.p/background.c.o src/xdg-desktop-portal-gnome.p/clipboard.c.o src/xdg-desktop-portal-gnome.p/displaystatetracker.c.o src/xdg-desktop-portal-gnome.p/dynamic-launcher.c.o src/xdg-desktop-portal-gnome.p/fc-monitor.c.o src/xdg-desktop-portal-gnome.p/filechooser.c.o src/xdg-desktop-portal-gnome.p/inputcapture.c.o src/xdg-desktop-portal-gnome.p/inputcapturedialog.c.o src/xdg-desktop-portal-gnome.p/globalshortcuts.c.o src/xdg-desktop-portal-gnome.p/gnomeinputcapture.c.o src/xdg-desktop-portal-gnome.p/gnomescreencast.c.o src/xdg-desktop-portal-gnome.p/lockdown.c.o src/xdg-desktop-portal-gnome.p/notification.c.o src/xdg-desktop-portal-gnome.p/print.c.o src/xdg-desktop-portal-gnome.p/remotedesktop.c.o src/xdg-desktop-portal-gnome.p/remotedesktopdialog.c.o src/xdg-desktop-portal-gnome.p/request.c.o src/xdg-desktop-portal-gnome.p/screenshot.c.o src/xdg-desktop-portal-gnome.p/screenshotdialog.c.o src/xdg-desktop-portal-gnome.p/screencast.c.o src/xdg-desktop-portal-gnome.p/screencastgeometrycontainer.c.o src/xdg-desktop-portal-gnome.p/screencastwidget.c.o src/xdg-desktop-portal-gnome.p/screencastdialog.c.o src/xdg-desktop-portal-gnome.p/session.c.o src/xdg-desktop-portal-gnome.p/settings.c.o src/xdg-desktop-portal-gnome.p/shellintrospect.c.o src/xdg-desktop-portal-gnome.p/usbdialog.c.o src/xdg-desktop-portal-gnome.p/usb.c.o src/xdg-desktop-portal-gnome.p/utils.c.o src/xdg-desktop-portal-gnome.p/wallpaperdialog.c.o src/xdg-desktop-portal-gnome.p/wallpaperpreview.c.o src/xdg-desktop-portal-gnome.p/wallpaper.c.o src/xdg-desktop-portal-gnome.p/xdg-desktop-portal-gnome.c.o src/xdg-desktop-portal-gnome.p/.._subprojects_libgxdp_src_gxdp.c.o src/xdg-desktop-portal-gnome.p/.._subprojects_libgxdp_src_gxdp-external-window.c.o src/xdg-desktop-portal-gnome.p/.._subprojects_libgxdp_src_gxdp-external-window-wayland.c.o src/xdg-desktop-portal-gnome.p/.._subprojects_libgxdp_src_gxdp-wayland.c.o src/xdg-desktop-portal-gnome.p/.._subprojects_libgxdp_src_gxdp-external-window-x11.c.o -Wl,--as-needed -Wl,--no-undefined -flto=auto -O2 -Wall -U_FORTIFY_SOURCE -D_FORTIFY_SOURCE=3 -fstack-protector-strong -funwind-tables -fasynchronous-unwind-tables -fstack-clash-protection -Werror=return-type -flto=auto -Wl,--start-group -lm /usr/lib64/libfontconfig.so /usr/lib64/libfreetype.so /usr/lib64/libglib-2.0.so /usr/lib64/libgio-2.0.so /usr/lib64/libgobject-2.0.so /usr/lib64/libgtk-4.so /usr/lib64/libpangocairo-1.0.so /usr/lib64/libpango-1.0.so /usr/lib64/libharfbuzz.so /usr/lib64/libgdk_pixbuf-2.0.so /usr/lib64/libcairo-gobject.so /usr/lib64/libcairo.so /usr/lib64/libvulkan.so /usr/lib64/libgraphene-1.0.so /usr/lib64/libgnome-desktop-4.so /usr/lib64/libgnome-bg-4.so /usr/lib64/libwayland-client.so /usr/lib64/libX11.so /usr/lib64/libadwaita-1.so -Wl,--end-group
[   25s] INFO: autodetecting backend as ninja
[   25s] INFO: calculating backend command to run: /usr/bin/ninja -C /home/abuild/rpmbuild/BUILD/xdg-desktop-portal-gnome-48.0-build/xdg-desktop-portal-gnome-48.0/x86_64-suse-linux -j 4 -v
[   25s] + RPM_EC=0
[   25s] ++ jobs -p
[   25s] + exit 0
[   25s] Executing(%install): /usr/bin/bash -e /var/tmp/rpm-tmp.oK3JQK
[   25s] + umask 022
[   25s] + cd /home/abuild/rpmbuild/BUILD/xdg-desktop-portal-gnome-48.0-build
[   25s] + /usr/bin/rm -rf /home/abuild/rpmbuild/BUILD/xdg-desktop-portal-gnome-48.0-build/BUILDROOT
[   25s] + /usr/bin/mkdir -p /home/abuild/rpmbuild/BUILD/xdg-desktop-portal-gnome-48.0-build
[   25s] + /usr/bin/mkdir /home/abuild/rpmbuild/BUILD/xdg-desktop-portal-gnome-48.0-build/BUILDROOT
[   25s] + cd xdg-desktop-portal-gnome-48.0
[   25s] + DESTDIR=/home/abuild/rpmbuild/BUILD/xdg-desktop-portal-gnome-48.0-build/BUILDROOT
[   25s] + /usr/bin/meson install -C x86_64-suse-linux --no-rebuild
[   25s] Installing data/xdg-desktop-portal-gnome.desktop to /home/abuild/rpmbuild/BUILD/xdg-desktop-portal-gnome-48.0-build/BUILDROOT/usr/share/applications
[   25s] Installing po/ab/LC_MESSAGES/xdg-desktop-portal-gnome.mo to /home/abuild/rpmbuild/BUILD/xdg-desktop-portal-gnome-48.0-build/BUILDROOT/usr/share/locale/ab/LC_MESSAGES
[   25s] Installing po/ar/LC_MESSAGES/xdg-desktop-portal-gnome.mo to /home/abuild/rpmbuild/BUILD/xdg-desktop-portal-gnome-48.0-build/BUILDROOT/usr/share/locale/ar/LC_MESSAGES
[   25s] Installing po/be/LC_MESSAGES/xdg-desktop-portal-gnome.mo to /home/abuild/rpmbuild/BUILD/xdg-desktop-portal-gnome-48.0-build/BUILDROOT/usr/share/locale/be/LC_MESSAGES
[   25s] Installing po/bg/LC_MESSAGES/xdg-desktop-portal-gnome.mo to /home/abuild/rpmbuild/BUILD/xdg-desktop-portal-gnome-48.0-build/BUILDROOT/usr/share/locale/bg/LC_MESSAGES
[   25s] Installing po/ca/LC_MESSAGES/xdg-desktop-portal-gnome.mo to /home/abuild/rpmbuild/BUILD/xdg-desktop-portal-gnome-48.0-build/BUILDROOT/usr/share/locale/ca/LC_MESSAGES
[   25s] Installing po/cs/LC_MESSAGES/xdg-desktop-portal-gnome.mo to /home/abuild/rpmbuild/BUILD/xdg-desktop-portal-gnome-48.0-build/BUILDROOT/usr/share/locale/cs/LC_MESSAGES
[   25s] Installing po/da/LC_MESSAGES/xdg-desktop-portal-gnome.mo to /home/abuild/rpmbuild/BUILD/xdg-desktop-portal-gnome-48.0-build/BUILDROOT/usr/share/locale/da/LC_MESSAGES
[   25s] Installing po/de/LC_MESSAGES/xdg-desktop-portal-gnome.mo to /home/abuild/rpmbuild/BUILD/xdg-desktop-portal-gnome-48.0-build/BUILDROOT/usr/share/locale/de/LC_MESSAGES
[   25s] Installing po/el/LC_MESSAGES/xdg-desktop-portal-gnome.mo to /home/abuild/rpmbuild/BUILD/xdg-desktop-portal-gnome-48.0-build/BUILDROOT/usr/share/locale/el/LC_MESSAGES
[   25s] Installing po/en_GB/LC_MESSAGES/xdg-desktop-portal-gnome.mo to /home/abuild/rpmbuild/BUILD/xdg-desktop-portal-gnome-48.0-build/BUILDROOT/usr/share/locale/en_GB/LC_MESSAGES
[   25s] Installing po/eo/LC_MESSAGES/xdg-desktop-portal-gnome.mo to /home/abuild/rpmbuild/BUILD/xdg-desktop-portal-gnome-48.0-build/BUILDROOT/usr/share/locale/eo/LC_MESSAGES
[   25s] Installing po/es/LC_MESSAGES/xdg-desktop-portal-gnome.mo to /home/abuild/rpmbuild/BUILD/xdg-desktop-portal-gnome-48.0-build/BUILDROOT/usr/share/locale/es/LC_MESSAGES
[   25s] Installing po/eu/LC_MESSAGES/xdg-desktop-portal-gnome.mo to /home/abuild/rpmbuild/BUILD/xdg-desktop-portal-gnome-48.0-build/BUILDROOT/usr/share/locale/eu/LC_MESSAGES
[   25s] Installing po/fa/LC_MESSAGES/xdg-desktop-portal-gnome.mo to /home/abuild/rpmbuild/BUILD/xdg-desktop-portal-gnome-48.0-build/BUILDROOT/usr/share/locale/fa/LC_MESSAGES
[   25s] Installing po/fi/LC_MESSAGES/xdg-desktop-portal-gnome.mo to /home/abuild/rpmbuild/BUILD/xdg-desktop-portal-gnome-48.0-build/BUILDROOT/usr/share/locale/fi/LC_MESSAGES
[   25s] Installing po/fil/LC_MESSAGES/xdg-desktop-portal-gnome.mo to /home/abuild/rpmbuild/BUILD/xdg-desktop-portal-gnome-48.0-build/BUILDROOT/usr/share/locale/fil/LC_MESSAGES
[   25s] Installing po/fr/LC_MESSAGES/xdg-desktop-portal-gnome.mo to /home/abuild/rpmbuild/BUILD/xdg-desktop-portal-gnome-48.0-build/BUILDROOT/usr/share/locale/fr/LC_MESSAGES
[   25s] Installing po/fur/LC_MESSAGES/xdg-desktop-portal-gnome.mo to /home/abuild/rpmbuild/BUILD/xdg-desktop-portal-gnome-48.0-build/BUILDROOT/usr/share/locale/fur/LC_MESSAGES
[   25s] Installing po/gl/LC_MESSAGES/xdg-desktop-portal-gnome.mo to /home/abuild/rpmbuild/BUILD/xdg-desktop-portal-gnome-48.0-build/BUILDROOT/usr/share/locale/gl/LC_MESSAGES
[   25s] Installing po/he/LC_MESSAGES/xdg-desktop-portal-gnome.mo to /home/abuild/rpmbuild/BUILD/xdg-desktop-portal-gnome-48.0-build/BUILDROOT/usr/share/locale/he/LC_MESSAGES
[   25s] Installing po/hi/LC_MESSAGES/xdg-desktop-portal-gnome.mo to /home/abuild/rpmbuild/BUILD/xdg-desktop-portal-gnome-48.0-build/BUILDROOT/usr/share/locale/hi/LC_MESSAGES
[   25s] Installing po/hr/LC_MESSAGES/xdg-desktop-portal-gnome.mo to /home/abuild/rpmbuild/BUILD/xdg-desktop-portal-gnome-48.0-build/BUILDROOT/usr/share/locale/hr/LC_MESSAGES
[   25s] Installing po/hu/LC_MESSAGES/xdg-desktop-portal-gnome.mo to /home/abuild/rpmbuild/BUILD/xdg-desktop-portal-gnome-48.0-build/BUILDROOT/usr/share/locale/hu/LC_MESSAGES
[   25s] Installing po/ia/LC_MESSAGES/xdg-desktop-portal-gnome.mo to /home/abuild/rpmbuild/BUILD/xdg-desktop-portal-gnome-48.0-build/BUILDROOT/usr/share/locale/ia/LC_MESSAGES
[   25s] Installing po/id/LC_MESSAGES/xdg-desktop-portal-gnome.mo to /home/abuild/rpmbuild/BUILD/xdg-desktop-portal-gnome-48.0-build/BUILDROOT/usr/share/locale/id/LC_MESSAGES
[   25s] Installing po/ie/LC_MESSAGES/xdg-desktop-portal-gnome.mo to /home/abuild/rpmbuild/BUILD/xdg-desktop-portal-gnome-48.0-build/BUILDROOT/usr/share/locale/ie/LC_MESSAGES
[   25s] Installing po/is/LC_MESSAGES/xdg-desktop-portal-gnome.mo to /home/abuild/rpmbuild/BUILD/xdg-desktop-portal-gnome-48.0-build/BUILDROOT/usr/share/locale/is/LC_MESSAGES
[   25s] Installing po/it/LC_MESSAGES/xdg-desktop-portal-gnome.mo to /home/abuild/rpmbuild/BUILD/xdg-desktop-portal-gnome-48.0-build/BUILDROOT/usr/share/locale/it/LC_MESSAGES
[   25s] Installing po/ja/LC_MESSAGES/xdg-desktop-portal-gnome.mo to /home/abuild/rpmbuild/BUILD/xdg-desktop-portal-gnome-48.0-build/BUILDROOT/usr/share/locale/ja/LC_MESSAGES
[   25s] Installing po/ka/LC_MESSAGES/xdg-desktop-portal-gnome.mo to /home/abuild/rpmbuild/BUILD/xdg-desktop-portal-gnome-48.0-build/BUILDROOT/usr/share/locale/ka/LC_MESSAGES
[   25s] Installing po/kab/LC_MESSAGES/xdg-desktop-portal-gnome.mo to /home/abuild/rpmbuild/BUILD/xdg-desktop-portal-gnome-48.0-build/BUILDROOT/usr/share/locale/kab/LC_MESSAGES
[   25s] Installing po/kk/LC_MESSAGES/xdg-desktop-portal-gnome.mo to /home/abuild/rpmbuild/BUILD/xdg-desktop-portal-gnome-48.0-build/BUILDROOT/usr/share/locale/kk/LC_MESSAGES
[   25s] Installing po/ko/LC_MESSAGES/xdg-desktop-portal-gnome.mo to /home/abuild/rpmbuild/BUILD/xdg-desktop-portal-gnome-48.0-build/BUILDROOT/usr/share/locale/ko/LC_MESSAGES
[   25s] Installing po/lt/LC_MESSAGES/xdg-desktop-portal-gnome.mo to /home/abuild/rpmbuild/BUILD/xdg-desktop-portal-gnome-48.0-build/BUILDROOT/usr/share/locale/lt/LC_MESSAGES
[   25s] Installing po/lv/LC_MESSAGES/xdg-desktop-portal-gnome.mo to /home/abuild/rpmbuild/BUILD/xdg-desktop-portal-gnome-48.0-build/BUILDROOT/usr/share/locale/lv/LC_MESSAGES
[   25s] Installing po/nb/LC_MESSAGES/xdg-desktop-portal-gnome.mo to /home/abuild/rpmbuild/BUILD/xdg-desktop-portal-gnome-48.0-build/BUILDROOT/usr/share/locale/nb/LC_MESSAGES
[   25s] Installing po/ne/LC_MESSAGES/xdg-desktop-portal-gnome.mo to /home/abuild/rpmbuild/BUILD/xdg-desktop-portal-gnome-48.0-build/BUILDROOT/usr/share/locale/ne/LC_MESSAGES
[   25s] Installing po/nl/LC_MESSAGES/xdg-desktop-portal-gnome.mo to /home/abuild/rpmbuild/BUILD/xdg-desktop-portal-gnome-48.0-build/BUILDROOT/usr/share/locale/nl/LC_MESSAGES
[   25s] Installing po/oc/LC_MESSAGES/xdg-desktop-portal-gnome.mo to /home/abuild/rpmbuild/BUILD/xdg-desktop-portal-gnome-48.0-build/BUILDROOT/usr/share/locale/oc/LC_MESSAGES
[   25s] Installing po/pa/LC_MESSAGES/xdg-desktop-portal-gnome.mo to /home/abuild/rpmbuild/BUILD/xdg-desktop-portal-gnome-48.0-build/BUILDROOT/usr/share/locale/pa/LC_MESSAGES
[   25s] Installing po/pl/LC_MESSAGES/xdg-desktop-portal-gnome.mo to /home/abuild/rpmbuild/BUILD/xdg-desktop-portal-gnome-48.0-build/BUILDROOT/usr/share/locale/pl/LC_MESSAGES
[   25s] Installing po/pt/LC_MESSAGES/xdg-desktop-portal-gnome.mo to /home/abuild/rpmbuild/BUILD/xdg-desktop-portal-gnome-48.0-build/BUILDROOT/usr/share/locale/pt/LC_MESSAGES
[   25s] Installing po/pt_BR/LC_MESSAGES/xdg-desktop-portal-gnome.mo to /home/abuild/rpmbuild/BUILD/xdg-desktop-portal-gnome-48.0-build/BUILDROOT/usr/share/locale/pt_BR/LC_MESSAGES
[   25s] Installing po/ro/LC_MESSAGES/xdg-desktop-portal-gnome.mo to /home/abuild/rpmbuild/BUILD/xdg-desktop-portal-gnome-48.0-build/BUILDROOT/usr/share/locale/ro/LC_MESSAGES
[   25s] Installing po/ru/LC_MESSAGES/xdg-desktop-portal-gnome.mo to /home/abuild/rpmbuild/BUILD/xdg-desktop-portal-gnome-48.0-build/BUILDROOT/usr/share/locale/ru/LC_MESSAGES
[   25s] Installing po/sk/LC_MESSAGES/xdg-desktop-portal-gnome.mo to /home/abuild/rpmbuild/BUILD/xdg-desktop-portal-gnome-48.0-build/BUILDROOT/usr/share/locale/sk/LC_MESSAGES
[   25s] Installing po/sl/LC_MESSAGES/xdg-desktop-portal-gnome.mo to /home/abuild/rpmbuild/BUILD/xdg-desktop-portal-gnome-48.0-build/BUILDROOT/usr/share/locale/sl/LC_MESSAGES
[   25s] Installing po/sr/LC_MESSAGES/xdg-desktop-portal-gnome.mo to /home/abuild/rpmbuild/BUILD/xdg-desktop-portal-gnome-48.0-build/BUILDROOT/usr/share/locale/sr/LC_MESSAGES
[   25s] Installing po/sv/LC_MESSAGES/xdg-desktop-portal-gnome.mo to /home/abuild/rpmbuild/BUILD/xdg-desktop-portal-gnome-48.0-build/BUILDROOT/usr/share/locale/sv/LC_MESSAGES
[   25s] Installing po/th/LC_MESSAGES/xdg-desktop-portal-gnome.mo to /home/abuild/rpmbuild/BUILD/xdg-desktop-portal-gnome-48.0-build/BUILDROOT/usr/share/locale/th/LC_MESSAGES
[   25s] Installing po/tr/LC_MESSAGES/xdg-desktop-portal-gnome.mo to /home/abuild/rpmbuild/BUILD/xdg-desktop-portal-gnome-48.0-build/BUILDROOT/usr/share/locale/tr/LC_MESSAGES
[   25s] Installing po/uk/LC_MESSAGES/xdg-desktop-portal-gnome.mo to /home/abuild/rpmbuild/BUILD/xdg-desktop-portal-gnome-48.0-build/BUILDROOT/usr/share/locale/uk/LC_MESSAGES
[   25s] Installing po/zh_CN/LC_MESSAGES/xdg-desktop-portal-gnome.mo to /home/abuild/rpmbuild/BUILD/xdg-desktop-portal-gnome-48.0-build/BUILDROOT/usr/share/locale/zh_CN/LC_MESSAGES
[   25s] Installing po/zh_TW/LC_MESSAGES/xdg-desktop-portal-gnome.mo to /home/abuild/rpmbuild/BUILD/xdg-desktop-portal-gnome-48.0-build/BUILDROOT/usr/share/locale/zh_TW/LC_MESSAGES
[   25s] Installing src/xdg-desktop-portal-gnome to /home/abuild/rpmbuild/BUILD/xdg-desktop-portal-gnome-48.0-build/BUILDROOT/usr/libexec
[   25s] Installing /home/abuild/rpmbuild/BUILD/xdg-desktop-portal-gnome-48.0-build/xdg-desktop-portal-gnome-48.0/x86_64-suse-linux/data/gnome.portal to /home/abuild/rpmbuild/BUILD/xdg-desktop-portal-gnome-48.0-build/BUILDROOT/usr/share/xdg-desktop-portal/portals
[   25s] Installing /home/abuild/rpmbuild/BUILD/xdg-desktop-portal-gnome-48.0-build/xdg-desktop-portal-gnome-48.0/x86_64-suse-linux/data/org.freedesktop.impl.portal.desktop.gnome.service to /home/abuild/rpmbuild/BUILD/xdg-desktop-portal-gnome-48.0-build/BUILDROOT/usr/share/dbus-1/services
[   25s] Installing /home/abuild/rpmbuild/BUILD/xdg-desktop-portal-gnome-48.0-build/xdg-desktop-portal-gnome-48.0/x86_64-suse-linux/data/xdg-desktop-portal-gnome.service to /home/abuild/rpmbuild/BUILD/xdg-desktop-portal-gnome-48.0-build/BUILDROOT/usr/lib/systemd/user
[   25s] Installing /home/abuild/rpmbuild/BUILD/xdg-desktop-portal-gnome-48.0-build/xdg-desktop-portal-gnome-48.0/src/xdg-desktop-portal-gnome.gschema.xml to /home/abuild/rpmbuild/BUILD/xdg-desktop-portal-gnome-48.0-build/BUILDROOT/usr/share/glib-2.0/schemas
[   25s] Skipping custom install script because DESTDIR is set '/usr/bin/glib-compile-schemas /usr/share/glib-2.0/schemas'
[   26s] + /usr/lib/rpm/find-lang.sh /home/abuild/rpmbuild/BUILD/xdg-desktop-portal-gnome-48.0-build/BUILDROOT xdg-desktop-portal-gnome
[   26s] removing translation /usr/share/locale/ab/LC_MESSAGES/xdg-desktop-portal-gnome.mo: 62 translated messages.
[   26s] removing translation /usr/share/locale/fil/LC_MESSAGES/xdg-desktop-portal-gnome.mo: 74 translated messages.
[   26s] removing translation /usr/share/locale/ie/LC_MESSAGES/xdg-desktop-portal-gnome.mo: 62 translated messages.
[   26s] removing translation /usr/share/locale/kab/LC_MESSAGES/xdg-desktop-portal-gnome.mo: 66 translated messages.
[   26s] + /usr/lib/rpm/brp-compress
[   26s] + /usr/lib/rpm/brp-suse
[   26s] calling /usr/lib/rpm/brp-suse.d/brp-05-permissions
[   26s] calling /usr/lib/rpm/brp-suse.d/brp-15-strip-debug
[   26s] calling /usr/lib/rpm/brp-suse.d/brp-25-symlink
[   26s] calling /usr/lib/rpm/brp-suse.d/brp-50-generate-fips-hmac
[   26s] calling /usr/lib/rpm/brp-suse.d/brp-75-ar
[   26s] SOURCE_DATE_EPOCH is not set: skipping ar normalization
[   26s] Processing files: xdg-desktop-portal-gnome-48.0-160100.2.1.lyra1.160101.1.x86_64
[   26s] Executing(%doc): /usr/bin/bash -e /var/tmp/rpm-tmp.C8VBez
[   26s] + umask 022
[   26s] + cd /home/abuild/rpmbuild/BUILD/xdg-desktop-portal-gnome-48.0-build
[   26s] + cd xdg-desktop-portal-gnome-48.0
[   26s] + DOCDIR=/home/abuild/rpmbuild/BUILD/xdg-desktop-portal-gnome-48.0-build/BUILDROOT/usr/share/doc/packages/xdg-desktop-portal-gnome
[   26s] + export LC_ALL=C.UTF-8
[   26s] + LC_ALL=C.UTF-8
[   26s] + export DOCDIR
[   26s] + /usr/bin/mkdir -p /home/abuild/rpmbuild/BUILD/xdg-desktop-portal-gnome-48.0-build/BUILDROOT/usr/share/doc/packages/xdg-desktop-portal-gnome
[   26s] + cp -pr /home/abuild/rpmbuild/BUILD/xdg-desktop-portal-gnome-48.0-build/xdg-desktop-portal-gnome-48.0/README.md /home/abuild/rpmbuild/BUILD/xdg-desktop-portal-gnome-48.0-build/BUILDROOT/usr/share/doc/packages/xdg-desktop-portal-gnome
[   26s] + cp -pr /home/abuild/rpmbuild/BUILD/xdg-desktop-portal-gnome-48.0-build/xdg-desktop-portal-gnome-48.0/NEWS /home/abuild/rpmbuild/BUILD/xdg-desktop-portal-gnome-48.0-build/BUILDROOT/usr/share/doc/packages/xdg-desktop-portal-gnome
[   26s] + RPM_EC=0
[   26s] ++ jobs -p
[   26s] + exit 0
[   26s] Executing(%license): /usr/bin/bash -e /var/tmp/rpm-tmp.cvUMX4
[   26s] + umask 022
[   26s] + cd /home/abuild/rpmbuild/BUILD/xdg-desktop-portal-gnome-48.0-build
[   26s] + cd xdg-desktop-portal-gnome-48.0
[   26s] + LICENSEDIR=/home/abuild/rpmbuild/BUILD/xdg-desktop-portal-gnome-48.0-build/BUILDROOT/usr/share/licenses/xdg-desktop-portal-gnome
[   26s] + export LC_ALL=C.UTF-8
[   26s] + LC_ALL=C.UTF-8
[   26s] + export LICENSEDIR
[   26s] + /usr/bin/mkdir -p /home/abuild/rpmbuild/BUILD/xdg-desktop-portal-gnome-48.0-build/BUILDROOT/usr/share/licenses/xdg-desktop-portal-gnome
[   26s] + cp -pr /home/abuild/rpmbuild/BUILD/xdg-desktop-portal-gnome-48.0-build/xdg-desktop-portal-gnome-48.0/COPYING /home/abuild/rpmbuild/BUILD/xdg-desktop-portal-gnome-48.0-build/BUILDROOT/usr/share/licenses/xdg-desktop-portal-gnome
[   26s] + RPM_EC=0
[   26s] ++ jobs -p
[   26s] + exit 0
[   26s] Provides: application() application(xdg-desktop-portal-gnome.desktop) xdg-desktop-portal-gnome = 48.0-160100.2.1.lyra1.160101.1 xdg-desktop-portal-gnome(x86-64) = 48.0-160100.2.1.lyra1.160101.1
[   26s] Requires(interp): /bin/sh /bin/sh
[   26s] Requires(rpmlib): rpmlib(CompressedFileNames) <= 3.0.4-1 rpmlib(FileDigests) <= 4.6.0-1 rpmlib(PayloadFilesHavePrefix) <= 4.0-1
[   26s] Requires(post): /bin/sh
[   26s] Requires(preun): /bin/sh
[   26s] Requires: libX11.so.6()(64bit) libadwaita-1.so.0()(64bit) libadwaita-1.so.0(LIBADWAITA_1_0)(64bit) libc.so.6()(64bit) libc.so.6(GLIBC_2.14)(64bit) libc.so.6(GLIBC_2.2.5)(64bit) libc.so.6(GLIBC_2.3.4)(64bit) libc.so.6(GLIBC_2.34)(64bit) libc.so.6(GLIBC_2.4)(64bit) libcairo.so.2()(64bit) libfontconfig.so.1()(64bit) libgdk_pixbuf-2.0.so.0()(64bit) libgio-2.0.so.0()(64bit) libglib-2.0.so.0()(64bit) libgnome-bg-4.so.2()(64bit) libgnome-desktop-4.so.2()(64bit) libgobject-2.0.so.0()(64bit) libgraphene-1.0.so.0()(64bit) libgtk-4.so.1()(64bit) libm.so.6()(64bit) libm.so.6(GLIBC_2.2.5)(64bit) libwayland-client.so.0()(64bit)
[   26s] Supplements: (gnome-shell and (flatpak or snapd))
[   26s] Processing files: xdg-desktop-portal-gnome-lang-48.0-160100.2.1.lyra1.160101.1.noarch
[   26s] Provides: locale(xdg-desktop-portal-gnome:ar) locale(xdg-desktop-portal-gnome:be) locale(xdg-desktop-portal-gnome:bg) locale(xdg-desktop-portal-gnome:ca) locale(xdg-desktop-portal-gnome:cs) locale(xdg-desktop-portal-gnome:da) locale(xdg-desktop-portal-gnome:de) locale(xdg-desktop-portal-gnome:el) locale(xdg-desktop-portal-gnome:en_GB) locale(xdg-desktop-portal-gnome:eo) locale(xdg-desktop-portal-gnome:es) locale(xdg-desktop-portal-gnome:eu) locale(xdg-desktop-portal-gnome:fa) locale(xdg-desktop-portal-gnome:fi) locale(xdg-desktop-portal-gnome:fr) locale(xdg-desktop-portal-gnome:fur) locale(xdg-desktop-portal-gnome:gl) locale(xdg-desktop-portal-gnome:he) locale(xdg-desktop-portal-gnome:hi) locale(xdg-desktop-portal-gnome:hr) locale(xdg-desktop-portal-gnome:hu) locale(xdg-desktop-portal-gnome:ia) locale(xdg-desktop-portal-gnome:id) locale(xdg-desktop-portal-gnome:is) locale(xdg-desktop-portal-gnome:it) locale(xdg-desktop-portal-gnome:ja) locale(xdg-desktop-portal-gnome:ka) locale(xdg-desktop-portal-gnome:kk) locale(xdg-desktop-portal-gnome:ko) locale(xdg-desktop-portal-gnome:lt) locale(xdg-desktop-portal-gnome:lv) locale(xdg-desktop-portal-gnome:nb) locale(xdg-desktop-portal-gnome:ne) locale(xdg-desktop-portal-gnome:nl) locale(xdg-desktop-portal-gnome:oc) locale(xdg-desktop-portal-gnome:pa) locale(xdg-desktop-portal-gnome:pl) locale(xdg-desktop-portal-gnome:pt) locale(xdg-desktop-portal-gnome:pt_BR) locale(xdg-desktop-portal-gnome:ro) locale(xdg-desktop-portal-gnome:ru) locale(xdg-desktop-portal-gnome:sk) locale(xdg-desktop-portal-gnome:sl) locale(xdg-desktop-portal-gnome:sr) locale(xdg-desktop-portal-gnome:sv) locale(xdg-desktop-portal-gnome:th) locale(xdg-desktop-portal-gnome:tr) locale(xdg-desktop-portal-gnome:uk) locale(xdg-desktop-portal-gnome:zh_CN) locale(xdg-desktop-portal-gnome:zh_TW) xdg-desktop-portal-gnome-lang = 48.0-160100.2.1.lyra1.160101.1 xdg-desktop-portal-gnome-lang-all = 48.0
[   26s] Requires(rpmlib): rpmlib(CompressedFileNames) <= 3.0.4-1 rpmlib(FileDigests) <= 4.6.0-1 rpmlib(PayloadFilesHavePrefix) <= 4.0-1
[   26s] Checking for unpackaged file(s): /usr/lib/rpm/check-files /home/abuild/rpmbuild/BUILD/xdg-desktop-portal-gnome-48.0-build/BUILDROOT
[   26s] Wrote: /home/abuild/rpmbuild/SRPMS/xdg-desktop-portal-gnome-48.0-160100.2.1.lyra1.160101.1.src.rpm
[   26s] Wrote: /home/abuild/rpmbuild/RPMS/noarch/xdg-desktop-portal-gnome-lang-48.0-160100.2.1.lyra1.160101.1.noarch.rpm
[   27s] Wrote: /home/abuild/rpmbuild/RPMS/x86_64/xdg-desktop-portal-gnome-48.0-160100.2.1.lyra1.160101.1.x86_64.rpm
[   27s] Executing(rmbuild): /usr/bin/bash -e /var/tmp/rpm-tmp.amasZ0
[   27s] + umask 022
[   27s] + cd /home/abuild/rpmbuild/BUILD/xdg-desktop-portal-gnome-48.0-build
[   27s] + test -d /home/abuild/rpmbuild/BUILD/xdg-desktop-portal-gnome-48.0-build
[   27s] + /usr/bin/chmod -Rf a+rX,u+w,g-w,o-w /home/abuild/rpmbuild/BUILD/xdg-desktop-portal-gnome-48.0-build
[   27s] + rm -rf /home/abuild/rpmbuild/BUILD/xdg-desktop-portal-gnome-48.0-build
[   27s] + RPM_EC=0
[   27s] ++ jobs -p
[   27s] + exit 0
[   27s] ... checking for files with abuild user/group
[   27s] ... running 00-check-install-rpms
[   27s] ... installing all built rpms
[   27s] Verifying packages...
[   27s] Preparing packages...
[   27s] xdg-desktop-portal-gnome-48.0-160100.2.1.lyra1.160101.1.x86_64
[   27s] xdg-desktop-portal-gnome-lang-48.0-160100.2.1.lyra1.160101.1.noarch
[   27s] ... running 50-check-binary-kernel-log
[   27s] ... running 50-check-core-files
[   27s] ... checking for core files
[   27s] ... running 50-check-debuginfo
[   27s] ... testing for empty debuginfo packages
[   27s] ... running 50-check-filelist
[   27s] ... checking filelist
[   27s] ... running 50-check-gconf-scriptlets
[   27s] ... testing GConf scriptlet presence
[   27s] ... running 50-check-installtest
[   27s] ... testing for pre/postinstall scripts that are not idempotent
[   27s] ... running 50-check-invalid-provides
[   27s] ... running 50-check-invalid-requires
[   27s] ... running 50-check-kernel-build-id
[   27s] ... running 50-check-lanana
[   27s] ... running 50-check-libtool-deps
[   27s] ... testing devel dependencies required by libtool .la files
[   27s]     (can be skipped by "skip-check-libtool-deps" anywhere in spec)
[   27s] ... running 50-check-packaged-twice
[   27s] ... running 50-check-permissions
[   27s] ... testing for modified permissions
[   27s] ... running 98-revert-uname-hack
[   27s] ... running 99-check-remove-rpms
[   27s] ... removing all built rpms
[   27s]     (order: reverse xdg-desktop-portal-gnome-lang xdg-desktop-portal-gnome)
[   27s]
[   27s] RPMLINT report:
[   27s] ===============
[   28s] ============================ rpmlint session starts ============================
[   28s] rpmlint: 2.7.0
[   28s] configuration:
[   28s]     /opt/testing/lib64/python3.13/rpmlint/configdefaults.toml
[   28s]     /opt/testing/share/rpmlint/cron-whitelist.toml
[   28s]     /opt/testing/share/rpmlint/dbus-services.toml
[   28s]     /opt/testing/share/rpmlint/device-files-whitelist.toml
[   28s]     /opt/testing/share/rpmlint/licenses.toml
[   28s]     /opt/testing/share/rpmlint/opensuse.toml
[   28s]     /opt/testing/share/rpmlint/pam-modules.toml
[   28s]     /opt/testing/share/rpmlint/permissions-whitelist.toml
[   28s]     /opt/testing/share/rpmlint/pie-executables.toml
[   28s]     /opt/testing/share/rpmlint/polkit-rules-whitelist.toml
[   28s]     /opt/testing/share/rpmlint/scoring.toml
[   28s]     /opt/testing/share/rpmlint/security.toml
[   28s]     /opt/testing/share/rpmlint/sudoers-whitelist.toml
[   28s]     /opt/testing/share/rpmlint/sysctl-whitelist.toml
[   28s]     /opt/testing/share/rpmlint/systemd-tmpfiles.toml
[   28s]     /opt/testing/share/rpmlint/users-groups.toml
[   28s]     /opt/testing/share/rpmlint/world-writable-whitelist.toml
[   28s]     /opt/testing/share/rpmlint/zypper-plugins.toml
[   28s] checks: 43, packages: 3
[   28s]
[   28s] xdg-desktop-portal-gnome.x86_64: W: unstripped-binary-or-object /usr/libexec/xdg-desktop-portal-gnome
[   28s] This executable should be stripped of debugging symbols, in order to take less
[   28s] space and be loaded faster. This is usually done automatically at buildtime by
[   28s] rpm.
[   28s]
[   28s] xdg-desktop-portal-gnome.spec: W: no-%check-section
[   28s] The spec file does not contain an %check section. Please check if the package
[   28s] has a testsuite and what it takes to enable the testsuite as part of the
[   28s] package build. If it is not possible to run it in the build environment
[   28s] (OBS/koji) or no testsuite exists, then please ignore this warning. You should
[   28s] not insert an empty %check section.
[   28s]
[   28s] Check time report (>1% & >0.1s):
[   28s]     Check                            Duration (in s)   Fraction (in %)  Checked files
[   28s]     TOTAL                                        0.2             100.0
[   28s]
[   28s]  3 packages and 0 specfiles checked; 0 errors, 2 warnings, 12 filtered, 0 badness; has taken 0.2 s
[   28s]
[   28s] ... creating baselibs
[   28s] WARNING could not set SOURCE_DATE_EPOCH, ensure mtime is in $TOPDIR/SOURCES/_scmsync.obsinfo or BUILD_CHANGELOG_TIMESTAMP is set in /.buildenv
[   28s] WARNING could not set SOURCE_DATE_EPOCH, ensure BUILD_RELEASE is set in /.buildenv
[   28s] ... running 01-delete-x86_64-subarches
[   28s] ... saving statistics
[   28s] ... saving built packages
[   28s] RPMS/noarch/xdg-desktop-portal-gnome-lang-48.0-160100.2.1.lyra1.160101.1.noarch.rpm
[   28s] RPMS/x86_64/xdg-desktop-portal-gnome-48.0-160100.2.1.lyra1.160101.1.x86_64.rpm
[   28s] SRPMS/xdg-desktop-portal-gnome-48.0-160100.2.1.lyra1.160101.1.src.rpm
[   28s] OTHER/_statistics
[   28s] OTHER/rpmlint.log
[   28s]
[   28s] i03-ch2c finished "build xdg-desktop-portal-gnome.spec" at Sun Sep 27 11:55:34 UTC 2026.
[   28s]
[   28s] ### VM INTERACTION START ###
[   28s] Powering off.
[   28s] ### VM INTERACTION END ###
[   28s] build: extracting built packages...
[   28s] RPMS/noarch/xdg-desktop-portal-gnome-lang-48.0-160100.2.1.lyra1.160101.1.noarch.rpm
[   28s] RPMS/x86_64/xdg-desktop-portal-gnome-48.0-160100.2.1.lyra1.160101.1.x86_64.rpm
[   28s] SRPMS/xdg-desktop-portal-gnome-48.0-160100.2.1.lyra1.160101.1.src.rpm
[   28s] OTHER/_statistics
[   28s] OTHER/rpmlint.log
